Year,District,Crop,Rainfall,Temperature,Humidity,Yield
2010,Ludhiana,Wheat,623,32.5,59,3.04
2011,Ludhiana,Wheat,788,34.1,63,3.99
2012,Ludhiana,Wheat,738,29.9,85,3.31
2013,Ludhiana,Wheat,1062,25.8,52,3.87
2014,Ludhiana,Wheat,1082,26.1,84,3.08
2015,Ludhiana,Wheat,570,33.9,79,3.79
2016,Ludhiana,Wheat,726,27.3,59,3.95
2017,Ludhiana,Wheat,1031,24.7,66,3.11
2018,Ludhiana,Wheat,1077,30.9,50,3.91
2019,Ludhiana,Wheat,953,27.3,75,3.61
2020,Ludhiana,Wheat,825,33.6,67,3.52
2021,Ludhiana,Wheat,713,32.9,75,3.57
2022,Ludhiana,Wheat,921,27.9,59,3.34
2023,Ludhiana,Wheat,498,24.9,72,3.78
2024,Ludhiana,Wheat,1083,34.1,64,3.98
2010,Ludhiana,Rice,841,28.1,60,4.97
2011,Ludhiana,Rice,1033,26.0,63,4.9
2012,Ludhiana,Rice,578,28.4,83,4.16
2013,Ludhiana,Rice,652,24.8,57,4.01
2014,Ludhiana,Rice,860,28.6,79,4.1
2015,Ludhiana,Rice,908,30.9,55,4.47
2016,Ludhiana,Rice,980,26.3,51,4.91
2017,Ludhiana,Rice,1078,29.2,52,4.79
2018,Ludhiana,Rice,795,25.8,56,4.48
2019,Ludhiana,Rice,1035,28.3,82,4.54
2020,Ludhiana,Rice,501,33.5,57,4.2
2021,Ludhiana,Rice,424,33.5,64,4.17
2022,Ludhiana,Rice,543,29.3,82,4.75
2023,Ludhiana,Rice,645,34.0,55,4.51
2024,Ludhiana,Rice,1094,24.5,56,4.24
2010,Ludhiana,Cotton,580,28.5,61,2.56
2011,Ludhiana,Cotton,432,24.1,64,2.5
2012,Ludhiana,Cotton,508,29.1,71,3.27
2013,Ludhiana,Cotton,421,34.7,57,3.25
2014,Ludhiana,Cotton,633,26.3,61,2.73
2015,Ludhiana,Cotton,489,30.2,71,3.25
2016,Ludhiana,Cotton,987,25.6,65,2.9
2017,Ludhiana,Cotton,407,28.5,78,2.91
2018,Ludhiana,Cotton,597,24.9,59,2.77
2019,Ludhiana,Cotton,1077,30.2,63,3.04
2020,Ludhiana,Cotton,983,26.1,65,2.76
2021,Ludhiana,Cotton,522,33.7,63,3.07
2022,Ludhiana,Cotton,1085,34.0,58,2.89
2023,Ludhiana,Cotton,480,28.9,76,3.15
2024,Ludhiana,Cotton,429,34.7,68,2.47
2010,Ludhiana,Maize,800,29.8,63,3.22
2011,Ludhiana,Maize,972,28.5,74,3.08
2012,Ludhiana,Maize,471,29.8,50,2.94
2013,Ludhiana,Maize,947,30.0,75,2.55
2014,Ludhiana,Maize,948,25.4,55,3.08
2015,Ludhiana,Maize,774,30.6,58,2.84
2016,Ludhiana,Maize,407,24.8,74,2.86
2017,Ludhiana,Maize,880,29.2,71,2.52
2018,Ludhiana,Maize,609,34.8,77,2.82
2019,Ludhiana,Maize,570,33.1,77,3.44
2020,Ludhiana,Maize,741,31.8,70,3.45
2021,Ludhiana,Maize,1062,27.6,60,3.28
2022,Ludhiana,Maize,566,30.5,65,2.67
2023,Ludhiana,Maize,1032,33.9,61,2.96
2024,Ludhiana,Maize,597,29.4,60,2.8
2010,Ludhiana,Sugarcane,536,34.7,83,6.5
2011,Ludhiana,Sugarcane,721,28.9,62,6.01
2012,Ludhiana,Sugarcane,661,27.9,54,5.58
2013,Ludhiana,Sugarcane,404,27.2,71,5.64
2014,Ludhiana,Sugarcane,621,25.0,79,5.71
2015,Ludhiana,Sugarcane,1030,32.7,54,6.48
2016,Ludhiana,Sugarcane,411,35.0,53,6.08
2017,Ludhiana,Sugarcane,448,31.2,59,5.6
2018,Ludhiana,Sugarcane,481,31.8,54,5.89
2019,Ludhiana,Sugarcane,744,25.9,66,6.23
2020,Ludhiana,Sugarcane,762,28.8,71,5.87
2021,Ludhiana,Sugarcane,619,27.1,64,5.78
2022,Ludhiana,Sugarcane,606,31.0,60,6.46
2023,Ludhiana,Sugarcane,592,25.7,81,5.87
2024,Ludhiana,Sugarcane,833,33.4,83,5.7
2010,Ludhiana,Mustard,998,24.1,81,2.26
2011,Ludhiana,Mustard,918,27.4,80,1.79
2012,Ludhiana,Mustard,798,28.9,63,1.91
2013,Ludhiana,Mustard,982,30.5,66,2.27
2014,Ludhiana,Mustard,769,27.7,72,2.13
2015,Ludhiana,Mustard,692,34.1,85,2.27
2016,Ludhiana,Mustard,1042,32.7,59,1.92
2017,Ludhiana,Mustard,410,31.2,56,2.39
2018,Ludhiana,Mustard,607,32.2,80,2.33
2019,Ludhiana,Mustard,813,24.1,51,2.27
2020,Ludhiana,Mustard,923,33.4,54,2.28
2021,Ludhiana,Mustard,1057,28.2,65,1.97
2022,Ludhiana,Mustard,918,33.2,58,2.29
2023,Ludhiana,Mustard,920,31.1,51,2.25
2024,Ludhiana,Mustard,801,29.4,58,1.71
2010,Ludhiana,Potato,473,29.9,52,4.6
2011,Ludhiana,Potato,591,34.3,69,4.81
2012,Ludhiana,Potato,878,34.4,72,4.7
2013,Ludhiana,Potato,1071,25.8,56,5.46
2014,Ludhiana,Potato,854,26.4,57,5.24
2015,Ludhiana,Potato,629,25.9,79,4.67
2016,Ludhiana,Potato,956,25.8,61,4.52
2017,Ludhiana,Potato,430,33.7,51,5.06
2018,Ludhiana,Potato,443,27.2,82,5.23
2019,Ludhiana,Potato,659,30.4,63,4.91
2020,Ludhiana,Potato,486,34.7,67,4.68
2021,Ludhiana,Potato,1021,34.2,63,4.76
2022,Ludhiana,Potato,815,30.0,80,4.79
2023,Ludhiana,Potato,525,33.9,78,5.35
2024,Ludhiana,Potato,996,28.2,67,5.33
2010,Ludhiana,Bajra,488,27.4,85,2.02
2011,Ludhiana,Bajra,1028,26.0,63,1.9
2012,Ludhiana,Bajra,810,29.4,51,2.1
2013,Ludhiana,Bajra,480,32.6,71,2.62
2014,Ludhiana,Bajra,865,29.7,63,2.16
2015,Ludhiana,Bajra,903,32.4,82,1.82
2016,Ludhiana,Bajra,586,31.6,72,2.23
2017,Ludhiana,Bajra,487,29.7,76,1.94
2018,Ludhiana,Bajra,508,24.9,62,2.09
2019,Ludhiana,Bajra,820,30.6,54,2.34
2020,Ludhiana,Bajra,869,27.9,69,2.34
2021,Ludhiana,Bajra,522,30.6,75,2.47
2022,Ludhiana,Bajra,695,25.1,79,1.74
2023,Ludhiana,Bajra,770,31.3,77,2.21
2024,Ludhiana,Bajra,990,26.6,67,2.26
2010,Ludhiana,Gram,1082,31.0,69,1.91
2011,Ludhiana,Gram,958,30.9,62,2.18
2012,Ludhiana,Gram,519,25.2,84,2.08
2013,Ludhiana,Gram,746,31.8,51,2.04
2014,Ludhiana,Gram,644,29.0,85,1.64
2015,Ludhiana,Gram,911,27.4,70,1.6
2016,Ludhiana,Gram,724,24.4,76,2.06
2017,Ludhiana,Gram,726,31.0,81,2.06
2018,Ludhiana,Gram,656,29.5,63,1.34
2019,Ludhiana,Gram,1056,24.8,67,1.82
2020,Ludhiana,Gram,1052,24.5,78,1.98
2021,Ludhiana,Gram,943,34.7,75,1.33
2022,Ludhiana,Gram,735,29.5,63,1.69
2023,Ludhiana,Gram,882,34.1,58,1.85
2024,Ludhiana,Gram,1062,27.8,72,1.45
2010,Ludhiana,Sunflower,816,24.3,80,2.69
2011,Ludhiana,Sunflower,560,29.3,55,2.0
2012,Ludhiana,Sunflower,878,31.5,81,2.66
2013,Ludhiana,Sunflower,1060,33.2,58,2.03
2014,Ludhiana,Sunflower,868,30.8,80,1.86
2015,Ludhiana,Sunflower,555,25.8,66,2.64
2016,Ludhiana,Sunflower,407,28.1,60,2.77
2017,Ludhiana,Sunflower,923,33.5,84,1.86
2018,Ludhiana,Sunflower,1009,27.0,70,1.93
2019,Ludhiana,Sunflower,1029,29.6,65,1.92
2020,Ludhiana,Sunflower,801,25.9,57,2.64
2021,Ludhiana,Sunflower,455,26.6,63,2.54
2022,Ludhiana,Sunflower,461,34.4,50,2.61
2023,Ludhiana,Sunflower,820,30.4,50,2.52
2024,Ludhiana,Sunflower,592,30.3,69,2.54
2010,Amritsar,Wheat,477,26.7,56,3.59
2011,Amritsar,Wheat,966,34.5,72,3.39
2012,Amritsar,Wheat,870,27.0,54,3.13
2013,Amritsar,Wheat,653,34.9,64,3.97
2014,Amritsar,Wheat,717,34.4,57,3.09
2015,Amritsar,Wheat,449,28.3,53,3.68
2016,Amritsar,Wheat,658,32.1,72,3.2
2017,Amritsar,Wheat,919,30.6,52,3.08
2018,Amritsar,Wheat,691,29.1,71,3.56
2019,Amritsar,Wheat,816,24.9,81,3.31
2020,Amritsar,Wheat,857,30.2,61,3.47
2021,Amritsar,Wheat,408,28.6,72,3.1
2022,Amritsar,Wheat,406,31.7,84,3.15
2023,Amritsar,Wheat,438,29.8,68,3.05
2024,Amritsar,Wheat,693,32.2,56,3.98
2010,Amritsar,Rice,1049,24.2,66,4.97
2011,Amritsar,Rice,1095,25.4,76,4.67
2012,Amritsar,Rice,774,32.9,73,4.41
2013,Amritsar,Rice,425,31.6,65,4.0
2014,Amritsar,Rice,863,33.4,85,4.05
2015,Amritsar,Rice,447,26.9,62,4.28
2016,Amritsar,Rice,574,33.8,80,4.57
2017,Amritsar,Rice,777,33.5,66,4.33
2018,Amritsar,Rice,1023,34.8,70,4.09
2019,Amritsar,Rice,611,25.5,71,4.86
2020,Amritsar,Rice,468,33.2,77,4.77
2021,Amritsar,Rice,881,27.9,66,4.27
2022,Amritsar,Rice,495,25.6,75,4.42
2023,Amritsar,Rice,416,24.8,61,4.53
2024,Amritsar,Rice,1071,34.9,58,4.93
2010,Amritsar,Cotton,670,24.6,69,2.76
2011,Amritsar,Cotton,941,29.6,71,2.61
2012,Amritsar,Cotton,782,31.5,80,2.56
2013,Amritsar,Cotton,1078,26.8,62,2.88
2014,Amritsar,Cotton,582,32.8,69,3.16
2015,Amritsar,Cotton,622,30.2,59,2.78
2016,Amritsar,Cotton,849,28.8,69,3.0
2017,Amritsar,Cotton,698,26.1,51,2.47
2018,Amritsar,Cotton,586,32.3,82,2.75
2019,Amritsar,Cotton,649,26.3,74,2.72
2020,Amritsar,Cotton,636,25.7,54,2.39
2021,Amritsar,Cotton,426,30.9,70,3.01
2022,Amritsar,Cotton,457,33.4,61,2.47
2023,Amritsar,Cotton,995,25.8,53,2.44
2024,Amritsar,Cotton,815,33.2,77,2.93
2010,Amritsar,Maize,552,32.0,68,2.87
2011,Amritsar,Maize,937,29.1,74,2.99
2012,Amritsar,Maize,768,30.3,81,3.01
2013,Amritsar,Maize,719,27.3,84,3.14
2014,Amritsar,Maize,537,32.2,69,3.04
2015,Amritsar,Maize,846,30.4,53,2.72
2016,Amritsar,Maize,905,26.0,76,3.36
2017,Amritsar,Maize,1023,30.1,81,3.19
2018,Amritsar,Maize,1036,30.7,71,2.67
2019,Amritsar,Maize,936,34.1,82,3.16
2020,Amritsar,Maize,547,26.3,85,2.73
2021,Amritsar,Maize,1052,30.3,85,3.12
2022,Amritsar,Maize,630,27.3,60,2.55
2023,Amritsar,Maize,818,30.1,83,2.68
2024,Amritsar,Maize,725,32.3,65,2.54
2010,Amritsar,Sugarcane,947,26.3,70,6.15
2011,Amritsar,Sugarcane,765,29.2,60,6.08
2012,Amritsar,Sugarcane,595,31.3,76,5.91
2013,Amritsar,Sugarcane,661,26.9,78,6.21
2014,Amritsar,Sugarcane,527,25.7,62,5.75
2015,Amritsar,Sugarcane,982,32.2,58,6.19
2016,Amritsar,Sugarcane,1095,24.2,79,5.99
2017,Amritsar,Sugarcane,949,30.7,66,5.97
2018,Amritsar,Sugarcane,899,24.9,53,5.87
2019,Amritsar,Sugarcane,747,24.6,50,5.85
2020,Amritsar,Sugarcane,782,27.2,62,5.95
2021,Amritsar,Sugarcane,1006,29.7,85,5.67
2022,Amritsar,Sugarcane,444,31.5,52,6.07
2023,Amritsar,Sugarcane,707,27.5,67,5.91
2024,Amritsar,Sugarcane,726,33.5,73,5.83
2010,Amritsar,Mustard,944,24.5,62,2.32
2011,Amritsar,Mustard,411,28.0,71,2.4
2012,Amritsar,Mustard,738,30.0,59,1.86
2013,Amritsar,Mustard,946,24.6,61,1.89
2014,Amritsar,Mustard,404,33.2,65,2.25
2015,Amritsar,Mustard,433,29.4,70,2.06
2016,Amritsar,Mustard,455,34.9,55,2.46
2017,Amritsar,Mustard,1016,34.1,60,1.9
2018,Amritsar,Mustard,941,28.3,74,1.8
2019,Amritsar,Mustard,1057,32.4,72,2.38
2020,Amritsar,Mustard,423,26.9,52,1.92
2021,Amritsar,Mustard,1076,28.3,71,1.65
2022,Amritsar,Mustard,786,34.1,63,1.9
2023,Amritsar,Mustard,933,30.9,63,2.36
2024,Amritsar,Mustard,1058,29.2,82,2.03
2010,Amritsar,Potato,628,25.9,57,4.67
2011,Amritsar,Potato,861,24.3,79,5.17
2012,Amritsar,Potato,597,32.4,61,5.4
2013,Amritsar,Potato,890,24.4,52,4.64
2014,Amritsar,Potato,465,24.6,67,4.84
2015,Amritsar,Potato,810,28.3,68,5.4
2016,Amritsar,Potato,735,24.1,74,4.87
2017,Amritsar,Potato,846,34.7,60,5.03
2018,Amritsar,Potato,859,33.1,74,5.45
2019,Amritsar,Potato,776,33.6,58,4.73
2020,Amritsar,Potato,941,33.1,56,4.51
2021,Amritsar,Potato,1009,24.4,67,4.74
2022,Amritsar,Potato,580,29.6,66,4.73
2023,Amritsar,Potato,621,30.0,54,4.9
2024,Amritsar,Potato,878,34.5,60,5.24
2010,Amritsar,Bajra,873,25.3,54,1.93
2011,Amritsar,Bajra,776,31.4,61,2.7
2012,Amritsar,Bajra,933,34.5,62,2.15
2013,Amritsar,Bajra,458,29.8,75,2.26
2014,Amritsar,Bajra,594,30.4,77,2.58
2015,Amritsar,Bajra,1014,27.8,81,2.29
2016,Amritsar,Bajra,1094,32.5,73,1.73
2017,Amritsar,Bajra,476,32.9,54,1.98
2018,Amritsar,Bajra,768,27.0,50,2.24
2019,Amritsar,Bajra,526,33.5,67,2.06
2020,Amritsar,Bajra,744,30.3,55,2.52
2021,Amritsar,Bajra,663,24.7,85,2.19
2022,Amritsar,Bajra,674,26.9,52,2.35
2023,Amritsar,Bajra,787,28.5,56,2.68
2024,Amritsar,Bajra,825,24.6,50,2.15
2010,Amritsar,Gram,758,24.8,81,1.89
2011,Amritsar,Gram,873,26.1,73,1.36
2012,Amritsar,Gram,556,33.3,82,1.66
2013,Amritsar,Gram,681,26.7,81,1.7
2014,Amritsar,Gram,819,26.9,52,2.13
2015,Amritsar,Gram,841,24.7,62,1.49
2016,Amritsar,Gram,515,24.0,64,2.07
2017,Amritsar,Gram,470,34.2,82,1.46
2018,Amritsar,Gram,648,34.0,57,1.33
2019,Amritsar,Gram,745,30.8,71,1.85
2020,Amritsar,Gram,595,25.5,51,1.84
2021,Amritsar,Gram,925,30.5,64,1.63
2022,Amritsar,Gram,666,27.2,61,1.57
2023,Amritsar,Gram,514,35.0,84,1.53
2024,Amritsar,Gram,706,33.1,74,1.92
2010,Amritsar,Sunflower,689,34.4,76,2.47
2011,Amritsar,Sunflower,526,32.6,65,2.74
2012,Amritsar,Sunflower,758,33.6,76,2.01
2013,Amritsar,Sunflower,778,32.0,62,1.84
2014,Amritsar,Sunflower,693,31.2,51,2.1
2015,Amritsar,Sunflower,460,24.7,56,1.98
2016,Amritsar,Sunflower,731,26.3,68,1.81
2017,Amritsar,Sunflower,878,26.7,67,2.41
2018,Amritsar,Sunflower,676,26.6,72,2.54
2019,Amritsar,Sunflower,690,32.5,72,2.56
2020,Amritsar,Sunflower,940,28.2,77,2.65
2021,Amritsar,Sunflower,403,24.5,57,1.9
2022,Amritsar,Sunflower,439,27.8,73,1.94
2023,Amritsar,Sunflower,986,28.3,82,2.54
2024,Amritsar,Sunflower,963,29.9,80,2.52
2010,Jalandhar,Wheat,449,27.8,71,3.83
2011,Jalandhar,Wheat,960,31.4,70,3.35
2012,Jalandhar,Wheat,428,30.5,63,3.91
2013,Jalandhar,Wheat,551,24.1,70,3.26
2014,Jalandhar,Wheat,689,25.0,61,3.18
2015,Jalandhar,Wheat,468,26.7,72,3.58
2016,Jalandhar,Wheat,873,30.1,81,3.61
2017,Jalandhar,Wheat,860,33.2,53,3.12
2018,Jalandhar,Wheat,872,32.4,54,3.64
2019,Jalandhar,Wheat,1044,28.2,68,3.74
2020,Jalandhar,Wheat,636,30.7,75,3.92
2021,Jalandhar,Wheat,651,33.1,56,3.35
2022,Jalandhar,Wheat,1059,25.3,57,3.45
2023,Jalandhar,Wheat,408,35.0,74,3.3
2024,Jalandhar,Wheat,545,24.9,59,3.57
2010,Jalandhar,Rice,499,32.6,72,4.62
2011,Jalandhar,Rice,858,32.3,56,5.0
2012,Jalandhar,Rice,673,32.3,75,4.01
2013,Jalandhar,Rice,429,27.5,68,4.77
2014,Jalandhar,Rice,894,24.6,64,4.27
2015,Jalandhar,Rice,757,25.3,67,4.71
2016,Jalandhar,Rice,439,24.6,61,4.76
2017,Jalandhar,Rice,679,25.4,59,4.96
2018,Jalandhar,Rice,1022,34.8,75,4.14
2019,Jalandhar,Rice,788,30.9,52,4.83
2020,Jalandhar,Rice,813,30.6,68,4.74
2021,Jalandhar,Rice,1086,31.3,65,4.72
2022,Jalandhar,Rice,666,27.1,57,4.89
2023,Jalandhar,Rice,759,33.5,85,4.71
2024,Jalandhar,Rice,972,32.1,78,4.82
2010,Jalandhar,Cotton,958,30.9,70,3.14
2011,Jalandhar,Cotton,1027,34.1,61,2.93
2012,Jalandhar,Cotton,597,33.0,77,2.92
2013,Jalandhar,Cotton,1075,33.9,57,2.44
2014,Jalandhar,Cotton,722,31.9,73,2.92
2015,Jalandhar,Cotton,601,30.9,79,2.87
2016,Jalandhar,Cotton,585,26.8,80,2.71
2017,Jalandhar,Cotton,629,34.3,76,2.65
2018,Jalandhar,Cotton,853,26.8,64,3.21
2019,Jalandhar,Cotton,490,32.5,67,2.53
2020,Jalandhar,Cotton,541,30.5,65,2.9
2021,Jalandhar,Cotton,1089,25.7,74,2.84
2022,Jalandhar,Cotton,805,30.7,78,3.16
2023,Jalandhar,Cotton,881,26.6,67,2.33
2024,Jalandhar,Cotton,646,26.0,55,2.51
2010,Jalandhar,Maize,763,26.8,73,2.9
2011,Jalandhar,Maize,956,25.1,76,2.96
2012,Jalandhar,Maize,500,28.6,59,3.33
2013,Jalandhar,Maize,539,30.1,76,3.13
2014,Jalandhar,Maize,1067,33.9,69,3.13
2015,Jalandhar,Maize,877,24.0,64,3.4
2016,Jalandhar,Maize,901,25.9,84,3.46
2017,Jalandhar,Maize,735,33.3,50,3.34
2018,Jalandhar,Maize,991,33.2,71,2.54
2019,Jalandhar,Maize,601,32.3,78,2.53
2020,Jalandhar,Maize,831,27.8,77,2.89
2021,Jalandhar,Maize,703,28.7,82,2.67
2022,Jalandhar,Maize,711,29.6,73,2.83
2023,Jalandhar,Maize,648,30.8,83,3.24
2024,Jalandhar,Maize,435,32.3,55,3.42
2010,Jalandhar,Sugarcane,681,24.9,75,5.52
2011,Jalandhar,Sugarcane,667,25.0,54,6.47
2012,Jalandhar,Sugarcane,1038,31.3,84,5.56
2013,Jalandhar,Sugarcane,482,33.3,64,6.31
2014,Jalandhar,Sugarcane,1021,33.2,82,5.95
2015,Jalandhar,Sugarcane,758,30.4,85,5.74
2016,Jalandhar,Sugarcane,1044,30.5,84,5.9
2017,Jalandhar,Sugarcane,466,34.7,63,5.96
2018,Jalandhar,Sugarcane,774,29.2,65,6.38
2019,Jalandhar,Sugarcane,411,24.6,56,5.78
2020,Jalandhar,Sugarcane,1089,29.8,68,5.67
2021,Jalandhar,Sugarcane,1048,26.8,71,5.51
2022,Jalandhar,Sugarcane,861,27.3,73,5.93
2023,Jalandhar,Sugarcane,798,25.1,69,6.39
2024,Jalandhar,Sugarcane,506,31.5,57,5.85
2010,Jalandhar,Mustard,494,28.1,60,1.74
2011,Jalandhar,Mustard,845,29.4,81,1.71
2012,Jalandhar,Mustard,702,27.5,72,2.35
2013,Jalandhar,Mustard,609,31.2,80,1.87
2014,Jalandhar,Mustard,904,30.6,66,2.0
2015,Jalandhar,Mustard,561,33.4,81,2.25
2016,Jalandhar,Mustard,926,31.3,63,1.66
2017,Jalandhar,Mustard,540,26.8,70,2.27
2018,Jalandhar,Mustard,452,29.7,76,1.77
2019,Jalandhar,Mustard,1079,24.7,67,1.64
2020,Jalandhar,Mustard,659,24.8,59,1.58
2021,Jalandhar,Mustard,925,32.2,63,2.03
2022,Jalandhar,Mustard,915,32.8,69,2.17
2023,Jalandhar,Mustard,980,34.2,54,2.13
2024,Jalandhar,Mustard,834,34.9,78,2.28
2010,Jalandhar,Potato,632,31.1,77,4.54
2011,Jalandhar,Potato,773,30.3,58,5.49
2012,Jalandhar,Potato,514,34.5,77,5.44
2013,Jalandhar,Potato,721,34.7,52,4.81
2014,Jalandhar,Potato,667,27.1,56,4.87
2015,Jalandhar,Potato,492,30.8,70,4.81
2016,Jalandhar,Potato,770,24.8,65,4.54
2017,Jalandhar,Potato,473,33.0,66,5.29
2018,Jalandhar,Potato,414,34.8,69,4.59
2019,Jalandhar,Potato,513,26.7,71,4.83
2020,Jalandhar,Potato,848,33.1,72,5.47
2021,Jalandhar,Potato,908,33.7,55,4.9
2022,Jalandhar,Potato,1069,24.0,57,5.04
2023,Jalandhar,Potato,810,30.8,78,4.58
2024,Jalandhar,Potato,603,25.5,69,4.52
2010,Jalandhar,Bajra,1014,28.8,51,2.66
2011,Jalandhar,Bajra,917,26.2,62,2.06
2012,Jalandhar,Bajra,433,29.9,84,2.06
2013,Jalandhar,Bajra,720,29.5,62,2.57
2014,Jalandhar,Bajra,837,27.1,52,2.08
2015,Jalandhar,Bajra,806,34.2,64,2.37
2016,Jalandhar,Bajra,694,29.9,63,2.39
2017,Jalandhar,Bajra,1066,30.8,61,1.94
2018,Jalandhar,Bajra,671,30.7,84,1.77
2019,Jalandhar,Bajra,729,29.9,71,2.61
2020,Jalandhar,Bajra,821,25.5,69,2.1
2021,Jalandhar,Bajra,593,29.1,56,1.94
2022,Jalandhar,Bajra,1050,29.0,53,2.08
2023,Jalandhar,Bajra,1039,33.6,71,2.45
2024,Jalandhar,Bajra,665,33.0,60,1.74
2010,Jalandhar,Gram,729,30.1,74,1.87
2011,Jalandhar,Gram,545,25.4,53,2.2
2012,Jalandhar,Gram,502,29.8,52,2.16
2013,Jalandhar,Gram,553,27.7,59,1.51
2014,Jalandhar,Gram,936,33.7,70,1.82
2015,Jalandhar,Gram,567,32.7,66,1.78
2016,Jalandhar,Gram,931,25.8,56,2.18
2017,Jalandhar,Gram,902,30.6,71,1.55
2018,Jalandhar,Gram,479,24.5,72,1.5
2019,Jalandhar,Gram,1062,29.1,67,1.97
2020,Jalandhar,Gram,1099,34.1,61,2.23
2021,Jalandhar,Gram,788,28.0,60,1.34
2022,Jalandhar,Gram,480,24.2,78,1.99
2023,Jalandhar,Gram,984,30.2,53,1.7
2024,Jalandhar,Gram,620,31.5,58,2.22
2010,Jalandhar,Sunflower,961,34.3,61,2.7
2011,Jalandhar,Sunflower,862,27.2,63,1.87
2012,Jalandhar,Sunflower,1091,27.2,70,1.99
2013,Jalandhar,Sunflower,485,31.8,84,2.45
2014,Jalandhar,Sunflower,604,29.1,55,2.16
2015,Jalandhar,Sunflower,975,27.9,59,2.57
2016,Jalandhar,Sunflower,800,34.6,77,2.31
2017,Jalandhar,Sunflower,757,26.7,85,2.67
2018,Jalandhar,Sunflower,481,29.7,82,1.81
2019,Jalandhar,Sunflower,796,24.7,72,2.79
2020,Jalandhar,Sunflower,535,33.7,66,1.82
2021,Jalandhar,Sunflower,868,34.4,58,1.87
2022,Jalandhar,Sunflower,1050,29.5,77,2.32
2023,Jalandhar,Sunflower,825,34.0,84,1.91
2024,Jalandhar,Sunflower,901,32.7,77,2.45
2010,Patiala,Wheat,765,25.5,52,3.88
2011,Patiala,Wheat,886,24.4,75,3.26
2012,Patiala,Wheat,468,24.9,61,3.29
2013,Patiala,Wheat,465,30.9,75,3.04
2014,Patiala,Wheat,678,31.1,63,3.51
2015,Patiala,Wheat,735,30.4,53,3.07
2016,Patiala,Wheat,415,26.6,76,3.12
2017,Patiala,Wheat,986,26.3,75,3.21
2018,Patiala,Wheat,813,33.4,81,3.81
2019,Patiala,Wheat,499,30.2,81,3.51
2020,Patiala,Wheat,815,31.6,67,3.66
2021,Patiala,Wheat,488,26.0,83,3.9
2022,Patiala,Wheat,880,24.1,84,3.47
2023,Patiala,Wheat,892,34.6,68,3.91
2024,Patiala,Wheat,436,29.9,82,3.49
2010,Patiala,Rice,401,30.0,65,4.91
2011,Patiala,Rice,544,29.1,62,4.52
2012,Patiala,Rice,619,26.5,69,4.4
2013,Patiala,Rice,580,31.4,63,4.8
2014,Patiala,Rice,789,24.4,64,4.37
2015,Patiala,Rice,1081,28.6,75,4.97
2016,Patiala,Rice,857,24.1,59,4.01
2017,Patiala,Rice,554,24.5,63,4.75
2018,Patiala,Rice,966,32.6,58,4.68
2019,Patiala,Rice,664,30.3,78,4.8
2020,Patiala,Rice,661,27.0,55,4.38
2021,Patiala,Rice,511,26.1,75,4.63
2022,Patiala,Rice,808,27.6,75,4.29
2023,Patiala,Rice,681,29.1,82,4.0
2024,Patiala,Rice,957,28.7,57,4.29
2010,Patiala,Cotton,636,28.2,51,2.65
2011,Patiala,Cotton,538,26.6,84,2.39
2012,Patiala,Cotton,824,28.1,67,2.53
2013,Patiala,Cotton,1080,25.5,59,3.16
2014,Patiala,Cotton,574,29.6,82,3.06
2015,Patiala,Cotton,680,26.7,84,2.35
2016,Patiala,Cotton,629,25.3,62,2.63
2017,Patiala,Cotton,849,26.5,75,2.46
2018,Patiala,Cotton,1018,24.9,55,3.11
2019,Patiala,Cotton,934,24.2,59,2.86
2020,Patiala,Cotton,692,28.0,71,3.29
2021,Patiala,Cotton,1062,26.4,83,3.08
2022,Patiala,Cotton,854,33.1,66,3.01
2023,Patiala,Cotton,651,30.4,62,2.79
2024,Patiala,Cotton,1022,28.0,65,2.3
2010,Patiala,Maize,804,28.9,75,2.97
2011,Patiala,Maize,1095,25.7,57,3.16
2012,Patiala,Maize,923,28.9,80,3.37
2013,Patiala,Maize,626,31.5,82,3.33
2014,Patiala,Maize,598,33.9,83,2.56
2015,Patiala,Maize,936,31.6,80,2.65
2016,Patiala,Maize,1035,27.5,68,3.34
2017,Patiala,Maize,1069,27.8,60,2.5
2018,Patiala,Maize,968,32.9,69,2.53
2019,Patiala,Maize,825,32.4,85,3.19
2020,Patiala,Maize,477,28.8,60,2.63
2021,Patiala,Maize,1026,34.2,55,3.48
2022,Patiala,Maize,559,33.4,54,3.32
2023,Patiala,Maize,564,33.7,84,2.75
2024,Patiala,Maize,586,34.4,61,3.32
2010,Patiala,Sugarcane,1065,33.2,71,5.73
2011,Patiala,Sugarcane,852,28.3,75,6.22
2012,Patiala,Sugarcane,691,26.5,50,6.5
2013,Patiala,Sugarcane,956,27.6,76,5.95
2014,Patiala,Sugarcane,636,33.8,73,6.05
2015,Patiala,Sugarcane,592,27.2,73,5.74
2016,Patiala,Sugarcane,604,31.0,76,5.53
2017,Patiala,Sugarcane,785,28.7,85,6.09
2018,Patiala,Sugarcane,946,30.3,74,5.96
2019,Patiala,Sugarcane,913,27.6,71,6.22
2020,Patiala,Sugarcane,981,29.6,76,6.07
2021,Patiala,Sugarcane,437,28.1,67,5.69
2022,Patiala,Sugarcane,759,24.9,75,5.87
2023,Patiala,Sugarcane,800,27.2,60,6.4
2024,Patiala,Sugarcane,922,29.1,80,6.41
2010,Patiala,Mustard,554,24.9,58,1.73
2011,Patiala,Mustard,967,28.2,70,2.08
2012,Patiala,Mustard,584,28.8,58,1.86
2013,Patiala,Mustard,680,27.4,51,2.27
2014,Patiala,Mustard,681,26.0,67,1.78
2015,Patiala,Mustard,1010,28.5,79,2.21
2016,Patiala,Mustard,699,33.4,72,1.67
2017,Patiala,Mustard,797,33.5,50,2.32
2018,Patiala,Mustard,573,31.5,55,1.84
2019,Patiala,Mustard,499,29.6,83,2.36
2020,Patiala,Mustard,912,31.5,83,1.65
2021,Patiala,Mustard,567,33.7,60,2.06
2022,Patiala,Mustard,1100,29.8,63,2.35
2023,Patiala,Mustard,632,26.8,59,1.64
2024,Patiala,Mustard,781,27.1,51,1.65
2010,Patiala,Potato,848,30.1,59,5.25
2011,Patiala,Potato,909,31.0,68,4.8
2012,Patiala,Potato,816,25.1,57,5.42
2013,Patiala,Potato,880,28.9,53,5.43
2014,Patiala,Potato,788,25.1,74,4.82
2015,Patiala,Potato,749,34.1,77,4.89
2016,Patiala,Potato,953,34.4,80,5.31
2017,Patiala,Potato,682,31.5,58,5.44
2018,Patiala,Potato,402,25.8,70,4.66
2019,Patiala,Potato,633,29.8,64,4.7
2020,Patiala,Potato,400,26.1,77,5.16
2021,Patiala,Potato,874,33.3,83,4.85
2022,Patiala,Potato,795,27.4,51,4.97
2023,Patiala,Potato,976,30.6,76,5.05
2024,Patiala,Potato,981,34.5,67,5.46
2010,Patiala,Bajra,483,26.0,84,2.63
2011,Patiala,Bajra,871,28.1,73,2.03
2012,Patiala,Bajra,447,34.0,69,1.96
2013,Patiala,Bajra,532,32.0,56,1.85
2014,Patiala,Bajra,1081,32.5,61,2.01
2015,Patiala,Bajra,1046,29.3,58,1.86
2016,Patiala,Bajra,789,27.7,68,2.57
2017,Patiala,Bajra,757,30.0,69,2.25
2018,Patiala,Bajra,424,29.4,65,2.45
2019,Patiala,Bajra,543,34.1,64,2.47
2020,Patiala,Bajra,806,26.3,67,2.08
2021,Patiala,Bajra,529,31.4,59,2.23
2022,Patiala,Bajra,1060,25.3,69,2.61
2023,Patiala,Bajra,804,30.3,82,2.44
2024,Patiala,Bajra,961,30.8,50,2.53
2010,Patiala,Gram,601,24.3,69,1.96
2011,Patiala,Gram,1012,28.5,77,2.13
2012,Patiala,Gram,678,27.7,50,1.77
2013,Patiala,Gram,699,27.2,62,2.06
2014,Patiala,Gram,993,30.1,83,1.77
2015,Patiala,Gram,723,24.7,70,2.26
2016,Patiala,Gram,680,25.5,66,1.42
2017,Patiala,Gram,1083,30.3,75,1.47
2018,Patiala,Gram,972,33.3,81,1.79
2019,Patiala,Gram,944,30.2,54,1.74
2020,Patiala,Gram,946,28.2,79,1.67
2021,Patiala,Gram,919,27.2,81,2.26
2022,Patiala,Gram,1003,25.3,67,1.69
2023,Patiala,Gram,533,29.6,72,1.59
2024,Patiala,Gram,959,24.3,65,2.27
2010,Patiala,Sunflower,857,26.2,70,2.73
2011,Patiala,Sunflower,973,35.0,69,2.29
2012,Patiala,Sunflower,587,30.8,59,2.55
2013,Patiala,Sunflower,510,32.4,53,2.7
2014,Patiala,Sunflower,816,26.3,79,2.25
2015,Patiala,Sunflower,968,26.3,85,2.59
2016,Patiala,Sunflower,467,26.8,73,2.13
2017,Patiala,Sunflower,462,25.0,78,2.53
2018,Patiala,Sunflower,860,32.8,54,2.1
2019,Patiala,Sunflower,763,30.8,66,2.06
2020,Patiala,Sunflower,735,32.1,82,2.38
2021,Patiala,Sunflower,564,26.8,73,2.57
2022,Patiala,Sunflower,877,30.8,51,1.94
2023,Patiala,Sunflower,749,29.0,72,2.19
2024,Patiala,Sunflower,980,30.4,58,2.18
2010,Bathinda,Wheat,846,33.9,78,3.28
2011,Bathinda,Wheat,1007,30.9,63,3.45
2012,Bathinda,Wheat,828,26.1,58,3.81
2013,Bathinda,Wheat,1086,32.6,61,3.14
2014,Bathinda,Wheat,463,30.4,76,3.96
2015,Bathinda,Wheat,944,32.5,75,3.05
2016,Bathinda,Wheat,430,31.5,84,3.18
2017,Bathinda,Wheat,750,30.1,76,3.56
2018,Bathinda,Wheat,1034,25.7,54,3.85
2019,Bathinda,Wheat,1020,27.4,84,3.21
2020,Bathinda,Wheat,509,32.2,51,3.7
2021,Bathinda,Wheat,527,24.7,84,3.32
2022,Bathinda,Wheat,904,32.2,79,3.48
2023,Bathinda,Wheat,575,31.1,50,3.55
2024,Bathinda,Wheat,1033,29.1,60,3.08
2010,Bathinda,Rice,519,34.8,65,4.24
2011,Bathinda,Rice,1002,27.5,53,4.96
2012,Bathinda,Rice,901,31.6,80,4.83
2013,Bathinda,Rice,1052,27.4,54,4.69
2014,Bathinda,Rice,1045,24.4,78,4.98
2015,Bathinda,Rice,527,29.7,55,4.92
2016,Bathinda,Rice,1014,29.7,77,4.22
2017,Bathinda,Rice,725,25.6,80,4.0
2018,Bathinda,Rice,1073,30.6,73,4.26
2019,Bathinda,Rice,688,28.2,74,4.83
2020,Bathinda,Rice,900,33.7,54,4.06
2021,Bathinda,Rice,655,33.4,67,4.29
2022,Bathinda,Rice,519,35.0,74,4.36
2023,Bathinda,Rice,704,26.4,55,4.36
2024,Bathinda,Rice,501,33.3,66,4.69
2010,Bathinda,Cotton,400,31.2,57,3.02
2011,Bathinda,Cotton,979,34.0,70,3.27
2012,Bathinda,Cotton,513,28.3,58,3.06
2013,Bathinda,Cotton,659,29.2,79,2.41
2014,Bathinda,Cotton,921,31.2,68,2.48
2015,Bathinda,Cotton,1042,26.8,63,2.39
2016,Bathinda,Cotton,422,26.8,76,2.72
2017,Bathinda,Cotton,998,29.5,54,2.66
2018,Bathinda,Cotton,614,30.9,82,3.11
2019,Bathinda,Cotton,611,32.2,52,3.29
2020,Bathinda,Cotton,951,31.3,77,3.11
2021,Bathinda,Cotton,751,33.7,54,3.1
2022,Bathinda,Cotton,733,25.0,58,2.31
2023,Bathinda,Cotton,561,24.7,74,2.73
2024,Bathinda,Cotton,798,29.7,80,2.91
2010,Bathinda,Maize,595,26.6,56,2.65
2011,Bathinda,Maize,422,29.5,61,2.52
2012,Bathinda,Maize,516,24.5,52,2.63
2013,Bathinda,Maize,937,30.0,77,2.52
2014,Bathinda,Maize,790,27.9,52,3.17
2015,Bathinda,Maize,487,27.8,83,3.0
2016,Bathinda,Maize,850,25.3,66,2.53
2017,Bathinda,Maize,733,29.0,85,3.2
2018,Bathinda,Maize,767,32.5,84,3.38
2019,Bathinda,Maize,459,24.8,66,2.9
2020,Bathinda,Maize,764,30.8,85,2.83
2021,Bathinda,Maize,886,28.6,81,2.57
2022,Bathinda,Maize,645,27.3,70,2.79
2023,Bathinda,Maize,980,25.2,73,3.46
2024,Bathinda,Maize,771,31.4,85,2.59
2010,Bathinda,Sugarcane,945,29.1,61,5.96
2011,Bathinda,Sugarcane,730,33.4,79,5.51
2012,Bathinda,Sugarcane,981,26.7,71,6.48
2013,Bathinda,Sugarcane,420,26.1,62,5.8
2014,Bathinda,Sugarcane,751,34.9,78,6.33
2015,Bathinda,Sugarcane,504,32.2,69,5.76
2016,Bathinda,Sugarcane,1024,33.1,68,6.46
2017,Bathinda,Sugarcane,872,25.5,57,6.5
2018,Bathinda,Sugarcane,927,25.7,59,5.65
2019,Bathinda,Sugarcane,990,29.0,66,6.22
2020,Bathinda,Sugarcane,961,33.4,64,6.4
2021,Bathinda,Sugarcane,613,30.6,78,6.37
2022,Bathinda,Sugarcane,584,25.4,78,5.9
2023,Bathinda,Sugarcane,601,30.6,63,5.63
2024,Bathinda,Sugarcane,476,31.7,64,5.89
2010,Bathinda,Mustard,479,33.5,51,2.23
2011,Bathinda,Mustard,606,27.7,79,2.0
2012,Bathinda,Mustard,1045,32.6,84,1.86
2013,Bathinda,Mustard,781,30.8,56,2.46
2014,Bathinda,Mustard,697,29.1,67,1.75
2015,Bathinda,Mustard,968,28.5,82,1.57
2016,Bathinda,Mustard,468,32.3,61,1.77
2017,Bathinda,Mustard,999,31.1,74,2.01
2018,Bathinda,Mustard,571,30.3,66,2.35
2019,Bathinda,Mustard,827,28.1,55,2.35
2020,Bathinda,Mustard,413,32.6,68,2.41
2021,Bathinda,Mustard,854,31.6,61,2.18
2022,Bathinda,Mustard,1063,26.4,85,2.15
2023,Bathinda,Mustard,493,29.1,62,2.49
2024,Bathinda,Mustard,695,25.8,71,2.31
2010,Bathinda,Potato,1005,30.9,85,4.95
2011,Bathinda,Potato,926,26.0,85,5.42
2012,Bathinda,Potato,558,30.6,52,4.97
2013,Bathinda,Potato,744,33.9,56,5.24
2014,Bathinda,Potato,649,29.9,77,5.02
2015,Bathinda,Potato,947,25.7,70,5.18
2016,Bathinda,Potato,794,26.6,59,4.88
2017,Bathinda,Potato,574,25.3,66,5.26
2018,Bathinda,Potato,856,32.2,66,5.27
2019,Bathinda,Potato,620,31.1,54,5.07
2020,Bathinda,Potato,1008,26.0,59,4.61
2021,Bathinda,Potato,1085,32.5,50,5.44
2022,Bathinda,Potato,1070,26.6,62,4.6
2023,Bathinda,Potato,865,29.0,78,4.94
2024,Bathinda,Potato,1027,26.4,73,4.58
2010,Bathinda,Bajra,752,31.1,76,2.03
2011,Bathinda,Bajra,854,27.5,76,2.16
2012,Bathinda,Bajra,544,27.2,50,2.35
2013,Bathinda,Bajra,1035,25.8,75,2.61
2014,Bathinda,Bajra,749,33.9,54,2.47
2015,Bathinda,Bajra,664,29.5,71,1.85
2016,Bathinda,Bajra,612,27.6,59,2.66
2017,Bathinda,Bajra,991,27.2,59,2.54
2018,Bathinda,Bajra,772,27.7,51,2.58
2019,Bathinda,Bajra,406,34.9,55,1.74
2020,Bathinda,Bajra,448,30.7,54,2.46
2021,Bathinda,Bajra,485,28.6,73,2.32
2022,Bathinda,Bajra,855,30.4,60,2.25
2023,Bathinda,Bajra,1051,34.6,79,2.43
2024,Bathinda,Bajra,610,26.0,61,2.24
2010,Bathinda,Gram,424,24.6,52,1.63
2011,Bathinda,Gram,514,30.0,59,1.8
2012,Bathinda,Gram,719,29.9,52,2.22
2013,Bathinda,Gram,459,34.9,83,1.91
2014,Bathinda,Gram,414,30.5,68,1.83
2015,Bathinda,Gram,513,26.7,52,1.3
2016,Bathinda,Gram,1013,28.1,79,1.55
2017,Bathinda,Gram,996,25.9,51,1.97
2018,Bathinda,Gram,772,30.7,71,1.68
2019,Bathinda,Gram,771,29.0,51,1.37
2020,Bathinda,Gram,992,31.0,84,1.32
2021,Bathinda,Gram,828,26.8,79,1.33
2022,Bathinda,Gram,939,31.1,62,1.47
2023,Bathinda,Gram,1064,26.3,74,1.92
2024,Bathinda,Gram,907,26.9,62,1.9
2010,Bathinda,Sunflower,752,31.1,64,2.18
2011,Bathinda,Sunflower,870,27.5,54,2.09
2012,Bathinda,Sunflower,905,25.3,70,2.76
2013,Bathinda,Sunflower,1077,24.8,78,2.68
2014,Bathinda,Sunflower,793,33.8,74,1.9
2015,Bathinda,Sunflower,1045,32.1,70,2.0
2016,Bathinda,Sunflower,938,28.8,55,2.17
2017,Bathinda,Sunflower,608,25.0,72,2.43
2018,Bathinda,Sunflower,934,28.0,63,2.46
2019,Bathinda,Sunflower,926,24.3,54,2.78
2020,Bathinda,Sunflower,844,27.3,63,2.16
2021,Bathinda,Sunflower,938,28.8,62,1.99
2022,Bathinda,Sunflower,966,30.2,70,2.12
2023,Bathinda,Sunflower,541,29.7,74,2.0
2024,Bathinda,Sunflower,713,31.5,83,2.23
2010,Moga,Wheat,543,34.2,79,3.77
2011,Moga,Wheat,426,31.6,52,3.48
2012,Moga,Wheat,1001,31.4,55,3.92
2013,Moga,Wheat,1032,28.2,51,3.17
2014,Moga,Wheat,617,34.0,73,3.09
2015,Moga,Wheat,1021,24.7,75,3.72
2016,Moga,Wheat,628,32.2,75,3.18
2017,Moga,Wheat,714,25.4,71,3.86
2018,Moga,Wheat,636,28.3,67,3.56
2019,Moga,Wheat,915,28.5,82,3.67
2020,Moga,Wheat,1053,25.4,71,3.43
2021,Moga,Wheat,851,26.4,61,3.02
2022,Moga,Wheat,846,26.1,78,3.93
2023,Moga,Wheat,489,26.4,54,3.45
2024,Moga,Wheat,540,29.9,66,3.47
2010,Moga,Rice,757,29.9,69,4.61
2011,Moga,Rice,994,32.9,52,4.62
2012,Moga,Rice,459,25.5,51,4.58
2013,Moga,Rice,588,26.4,81,4.63
2014,Moga,Rice,989,30.2,60,4.21
2015,Moga,Rice,1011,26.3,51,4.77
2016,Moga,Rice,879,33.2,64,4.07
2017,Moga,Rice,1021,32.7,69,4.61
2018,Moga,Rice,1031,30.3,63,4.71
2019,Moga,Rice,468,26.7,57,4.19
2020,Moga,Rice,526,28.0,82,4.67
2021,Moga,Rice,434,27.0,78,4.16
2022,Moga,Rice,951,28.4,52,4.29
2023,Moga,Rice,814,29.8,79,4.79
2024,Moga,Rice,662,29.1,60,4.2
2010,Moga,Cotton,589,29.4,79,3.15
2011,Moga,Cotton,989,33.9,56,2.38
2012,Moga,Cotton,649,33.8,54,2.73
2013,Moga,Cotton,443,29.8,55,3.22
2014,Moga,Cotton,448,25.3,84,2.46
2015,Moga,Cotton,701,29.7,61,3.08
2016,Moga,Cotton,426,24.4,53,3.03
2017,Moga,Cotton,889,29.2,70,2.69
2018,Moga,Cotton,672,30.4,55,2.98
2019,Moga,Cotton,689,29.4,50,2.44
2020,Moga,Cotton,986,34.4,66,3.02
2021,Moga,Cotton,695,32.3,75,3.12
2022,Moga,Cotton,764,34.7,73,2.52
2023,Moga,Cotton,988,28.9,85,3.26
2024,Moga,Cotton,1054,30.8,70,3.1
2010,Moga,Maize,882,29.3,59,2.51
2011,Moga,Maize,710,27.7,57,3.27
2012,Moga,Maize,770,29.4,73,3.06
2013,Moga,Maize,758,28.9,50,2.68
2014,Moga,Maize,477,27.8,77,3.02
2015,Moga,Maize,1017,32.5,81,3.07
2016,Moga,Maize,997,34.4,69,3.41
2017,Moga,Maize,866,28.4,50,2.91
2018,Moga,Maize,679,29.3,55,2.78
2019,Moga,Maize,940,30.8,64,3.38
2020,Moga,Maize,811,34.2,60,3.0
2021,Moga,Maize,920,31.6,80,2.65
2022,Moga,Maize,698,28.7,78,2.77
2023,Moga,Maize,472,24.3,61,2.74
2024,Moga,Maize,910,32.7,69,3.4
2010,Moga,Sugarcane,936,33.5,55,5.61
2011,Moga,Sugarcane,1058,34.7,75,5.76
2012,Moga,Sugarcane,831,32.9,71,5.81
2013,Moga,Sugarcane,902,25.0,79,5.67
2014,Moga,Sugarcane,1071,32.4,53,5.56
2015,Moga,Sugarcane,834,25.6,57,5.97
2016,Moga,Sugarcane,971,34.9,50,6.15
2017,Moga,Sugarcane,798,28.3,72,5.52
2018,Moga,Sugarcane,673,28.0,78,6.09
2019,Moga,Sugarcane,848,27.7,62,6.41
2020,Moga,Sugarcane,656,27.3,76,5.83
2021,Moga,Sugarcane,805,26.1,52,5.64
2022,Moga,Sugarcane,834,34.8,83,5.53
2023,Moga,Sugarcane,412,28.3,81,6.12
2024,Moga,Sugarcane,794,30.5,76,6.1
2010,Moga,Mustard,1080,27.7,58,1.68
2011,Moga,Mustard,648,24.6,66,1.64
2012,Moga,Mustard,849,26.7,68,2.04
2013,Moga,Mustard,424,28.4,69,1.53
2014,Moga,Mustard,572,27.3,79,1.51
2015,Moga,Mustard,1059,27.4,61,2.12
2016,Moga,Mustard,943,28.9,59,1.79
2017,Moga,Mustard,931,32.7,85,1.67
2018,Moga,Mustard,694,34.1,58,1.81
2019,Moga,Mustard,424,29.0,62,2.28
2020,Moga,Mustard,657,24.2,64,1.64
2021,Moga,Mustard,742,30.2,83,1.87
2022,Moga,Mustard,658,26.1,57,1.56
2023,Moga,Mustard,960,26.8,69,2.37
2024,Moga,Mustard,631,27.9,63,2.45
2010,Moga,Potato,721,28.7,51,5.45
2011,Moga,Potato,858,26.2,55,4.92
2012,Moga,Potato,675,30.8,85,4.68
2013,Moga,Potato,1034,26.0,67,5.2
2014,Moga,Potato,973,30.4,76,5.48
2015,Moga,Potato,560,32.0,74,4.52
2016,Moga,Potato,1026,30.6,68,5.02
2017,Moga,Potato,473,25.8,74,4.56
2018,Moga,Potato,881,27.0,75,5.15
2019,Moga,Potato,679,30.2,77,5.02
2020,Moga,Potato,965,32.9,79,4.81
2021,Moga,Potato,626,31.7,53,4.59
2022,Moga,Potato,1033,27.3,51,5.39
2023,Moga,Potato,1081,33.2,72,5.11
2024,Moga,Potato,462,32.0,54,4.52
2010,Moga,Bajra,634,27.4,80,1.93
2011,Moga,Bajra,633,26.7,79,2.53
2012,Moga,Bajra,865,26.2,50,2.69
2013,Moga,Bajra,908,31.5,52,2.29
2014,Moga,Bajra,641,29.0,69,2.52
2015,Moga,Bajra,1075,31.2,74,1.91
2016,Moga,Bajra,417,33.2,59,2.24
2017,Moga,Bajra,559,26.8,71,2.42
2018,Moga,Bajra,993,24.5,82,2.35
2019,Moga,Bajra,839,24.3,58,1.92
2020,Moga,Bajra,751,30.5,62,2.28
2021,Moga,Bajra,582,29.3,74,1.91
2022,Moga,Bajra,805,27.7,71,2.55
2023,Moga,Bajra,1079,24.8,56,1.77
2024,Moga,Bajra,468,26.9,64,2.37
2010,Moga,Gram,1022,33.5,65,2.09
2011,Moga,Gram,718,30.5,80,1.77
2012,Moga,Gram,682,30.7,71,2.08
2013,Moga,Gram,563,27.5,53,1.73
2014,Moga,Gram,1084,26.4,50,2.19
2015,Moga,Gram,720,25.7,84,2.11
2016,Moga,Gram,1066,29.9,53,1.51
2017,Moga,Gram,527,33.5,77,1.66
2018,Moga,Gram,576,31.9,72,1.62
2019,Moga,Gram,445,31.7,67,1.44
2020,Moga,Gram,408,24.4,58,1.84
2021,Moga,Gram,788,29.3,53,1.3
2022,Moga,Gram,952,30.7,67,1.85
2023,Moga,Gram,652,25.6,80,1.92
2024,Moga,Gram,919,34.8,62,1.77
2010,Moga,Sunflower,1036,31.8,80,2.59
2011,Moga,Sunflower,592,25.4,57,2.72
2012,Moga,Sunflower,806,29.9,57,1.98
2013,Moga,Sunflower,732,33.6,64,1.81
2014,Moga,Sunflower,1055,29.4,65,2.06
2015,Moga,Sunflower,631,25.4,66,2.55
2016,Moga,Sunflower,653,26.1,82,2.36
2017,Moga,Sunflower,914,30.1,79,2.42
2018,Moga,Sunflower,639,34.1,58,2.55
2019,Moga,Sunflower,489,24.3,52,2.56
2020,Moga,Sunflower,464,28.3,52,2.38
2021,Moga,Sunflower,828,30.4,59,2.69
2022,Moga,Sunflower,464,26.0,59,2.52
2023,Moga,Sunflower,462,34.6,73,1.98
2024,Moga,Sunflower,564,31.4,84,2.16
2010,Sangrur,Wheat,887,33.2,72,3.21
2011,Sangrur,Wheat,966,30.0,67,3.86
2012,Sangrur,Wheat,722,33.8,71,3.37
2013,Sangrur,Wheat,643,30.6,70,3.51
2014,Sangrur,Wheat,829,24.2,65,3.09
2015,Sangrur,Wheat,577,26.0,75,3.31
2016,Sangrur,Wheat,542,26.6,53,3.06
2017,Sangrur,Wheat,727,27.3,74,3.32
2018,Sangrur,Wheat,443,30.2,52,3.78
2019,Sangrur,Wheat,734,31.5,59,3.84
2020,Sangrur,Wheat,784,29.5,64,3.71
2021,Sangrur,Wheat,838,29.6,52,3.14
2022,Sangrur,Wheat,747,30.5,81,3.97
2023,Sangrur,Wheat,664,31.4,85,3.99
2024,Sangrur,Wheat,913,31.8,64,3.08
2010,Sangrur,Rice,804,31.8,56,4.46
2011,Sangrur,Rice,608,31.1,75,4.8
2012,Sangrur,Rice,939,33.7,65,4.44
2013,Sangrur,Rice,498,33.9,62,4.31
2014,Sangrur,Rice,477,24.6,82,4.33
2015,Sangrur,Rice,418,34.2,59,4.32
2016,Sangrur,Rice,597,25.3,65,4.75
2017,Sangrur,Rice,779,30.9,55,4.64
2018,Sangrur,Rice,640,30.6,60,4.47
2019,Sangrur,Rice,740,33.6,75,4.46
2020,Sangrur,Rice,800,26.5,79,4.67
2021,Sangrur,Rice,533,28.7,50,4.06
2022,Sangrur,Rice,865,26.8,70,4.8
2023,Sangrur,Rice,1038,27.3,51,4.27
2024,Sangrur,Rice,438,31.1,79,4.28
2010,Sangrur,Cotton,611,31.6,83,2.77
2011,Sangrur,Cotton,743,24.7,56,3.21
2012,Sangrur,Cotton,668,31.4,79,2.94
2013,Sangrur,Cotton,1022,25.2,85,2.99
2014,Sangrur,Cotton,976,29.8,77,2.48
2015,Sangrur,Cotton,753,31.5,59,2.35
2016,Sangrur,Cotton,785,31.0,78,2.95
2017,Sangrur,Cotton,837,26.0,82,2.93
2018,Sangrur,Cotton,483,27.7,67,2.79
2019,Sangrur,Cotton,1043,32.0,54,2.47
2020,Sangrur,Cotton,1062,31.1,62,2.92
2021,Sangrur,Cotton,910,29.5,68,2.46
2022,Sangrur,Cotton,954,28.5,60,3.22
2023,Sangrur,Cotton,650,34.8,53,2.66
2024,Sangrur,Cotton,806,30.8,79,3.22
2010,Sangrur,Maize,1097,25.8,67,3.33
2011,Sangrur,Maize,1013,25.9,76,2.79
2012,Sangrur,Maize,481,24.8,71,2.6
2013,Sangrur,Maize,686,27.5,83,3.01
2014,Sangrur,Maize,406,24.7,54,2.61
2015,Sangrur,Maize,752,31.4,53,3.0
2016,Sangrur,Maize,679,33.6,72,2.51
2017,Sangrur,Maize,805,27.1,74,3.31
2018,Sangrur,Maize,758,29.9,52,2.55
2019,Sangrur,Maize,560,31.2,56,3.05
2020,Sangrur,Maize,696,29.1,83,2.64
2021,Sangrur,Maize,463,25.2,62,3.38
2022,Sangrur,Maize,864,31.8,64,2.81
2023,Sangrur,Maize,659,25.8,84,3.15
2024,Sangrur,Maize,754,29.6,56,3.34
2010,Sangrur,Sugarcane,876,28.6,84,6.14
2011,Sangrur,Sugarcane,762,33.1,57,5.86
2012,Sangrur,Sugarcane,753,28.4,50,6.17
2013,Sangrur,Sugarcane,468,24.8,69,6.14
2014,Sangrur,Sugarcane,423,33.0,76,6.1
2015,Sangrur,Sugarcane,785,25.8,84,6.32
2016,Sangrur,Sugarcane,508,30.4,72,6.02
2017,Sangrur,Sugarcane,482,28.6,63,6.03
2018,Sangrur,Sugarcane,1083,24.9,50,5.51
2019,Sangrur,Sugarcane,542,25.7,75,5.73
2020,Sangrur,Sugarcane,541,33.3,58,6.19
2021,Sangrur,Sugarcane,906,32.0,53,5.91
2022,Sangrur,Sugarcane,955,33.0,56,5.62
2023,Sangrur,Sugarcane,971,34.9,71,5.51
2024,Sangrur,Sugarcane,730,25.6,67,5.66
2010,Sangrur,Mustard,525,33.0,70,1.95
2011,Sangrur,Mustard,456,32.4,72,1.64
2012,Sangrur,Mustard,940,29.5,57,2.24
2013,Sangrur,Mustard,903,33.1,63,1.89
2014,Sangrur,Mustard,444,32.9,72,1.84
2015,Sangrur,Mustard,544,34.5,84,2.39
2016,Sangrur,Mustard,827,32.1,55,1.65
2017,Sangrur,Mustard,891,30.6,54,2.41
2018,Sangrur,Mustard,460,33.4,74,2.0
2019,Sangrur,Mustard,533,24.7,60,1.56
2020,Sangrur,Mustard,752,28.0,84,1.87
2021,Sangrur,Mustard,1021,34.7,55,1.8
2022,Sangrur,Mustard,827,33.0,79,2.12
2023,Sangrur,Mustard,1025,26.4,55,2.14
2024,Sangrur,Mustard,975,27.1,57,2.17
2010,Sangrur,Potato,1098,26.1,69,5.43
2011,Sangrur,Potato,586,28.3,76,4.73
2012,Sangrur,Potato,1017,32.7,60,5.22
2013,Sangrur,Potato,840,33.4,80,4.94
2014,Sangrur,Potato,1030,24.8,81,5.15
2015,Sangrur,Potato,866,24.5,62,4.5
2016,Sangrur,Potato,899,32.4,69,4.75
2017,Sangrur,Potato,801,25.7,67,4.74
2018,Sangrur,Potato,469,34.6,55,5.18
2019,Sangrur,Potato,619,30.6,76,4.77
2020,Sangrur,Potato,830,30.2,56,4.99
2021,Sangrur,Potato,475,28.1,83,5.48
2022,Sangrur,Potato,871,32.9,57,5.09
2023,Sangrur,Potato,610,27.4,58,4.67
2024,Sangrur,Potato,407,33.2,71,5.39
2010,Sangrur,Bajra,644,28.9,79,2.52
2011,Sangrur,Bajra,584,25.9,53,2.44
2012,Sangrur,Bajra,749,28.0,58,2.0
2013,Sangrur,Bajra,862,31.4,65,2.44
2014,Sangrur,Bajra,436,30.4,75,2.56
2015,Sangrur,Bajra,1025,32.9,57,1.91
2016,Sangrur,Bajra,1021,25.1,51,2.14
2017,Sangrur,Bajra,495,25.0,73,1.77
2018,Sangrur,Bajra,839,27.0,78,2.19
2019,Sangrur,Bajra,561,33.1,53,2.59
2020,Sangrur,Bajra,986,29.3,68,2.29
2021,Sangrur,Bajra,551,24.6,67,2.18
2022,Sangrur,Bajra,702,35.0,59,2.42
2023,Sangrur,Bajra,408,27.6,82,2.02
2024,Sangrur,Bajra,892,28.5,59,2.4
2010,Sangrur,Gram,565,31.5,79,1.69
2011,Sangrur,Gram,815,25.3,77,1.76
2012,Sangrur,Gram,932,33.9,77,2.05
2013,Sangrur,Gram,836,29.7,54,1.59
2014,Sangrur,Gram,875,33.2,55,2.12
2015,Sangrur,Gram,628,30.4,72,1.31
2016,Sangrur,Gram,582,32.6,70,1.73
2017,Sangrur,Gram,498,33.6,84,2.25
2018,Sangrur,Gram,726,34.6,77,1.69
2019,Sangrur,Gram,538,31.4,62,2.21
2020,Sangrur,Gram,822,30.5,84,2.24
2021,Sangrur,Gram,988,30.2,62,1.35
2022,Sangrur,Gram,762,34.2,76,1.44
2023,Sangrur,Gram,431,28.9,68,1.4
2024,Sangrur,Gram,436,30.4,76,1.6
2010,Sangrur,Sunflower,750,30.5,61,2.27
2011,Sangrur,Sunflower,1018,31.0,57,1.91
2012,Sangrur,Sunflower,656,33.9,77,2.76
2013,Sangrur,Sunflower,801,27.5,77,2.11
2014,Sangrur,Sunflower,854,26.3,70,2.45
2015,Sangrur,Sunflower,742,26.0,58,2.2
2016,Sangrur,Sunflower,1029,24.1,65,2.76
2017,Sangrur,Sunflower,819,26.9,78,2.31
2018,Sangrur,Sunflower,1036,28.4,81,2.59
2019,Sangrur,Sunflower,937,27.9,75,2.49
2020,Sangrur,Sunflower,939,26.8,66,2.48
2021,Sangrur,Sunflower,952,34.0,59,1.85
2022,Sangrur,Sunflower,475,29.4,52,2.78
2023,Sangrur,Sunflower,602,24.5,60,1.95
2024,Sangrur,Sunflower,667,32.0,54,2.45
2010,Kapurthala,Wheat,751,33.0,62,3.89
2011,Kapurthala,Wheat,844,34.5,64,3.79
2012,Kapurthala,Wheat,725,32.9,73,3.34
2013,Kapurthala,Wheat,449,29.4,55,3.66
2014,Kapurthala,Wheat,456,30.4,62,3.86
2015,Kapurthala,Wheat,597,34.6,68,3.46
2016,Kapurthala,Wheat,832,32.5,58,3.84
2017,Kapurthala,Wheat,428,32.9,75,3.07
2018,Kapurthala,Wheat,610,26.8,52,3.26
2019,Kapurthala,Wheat,744,34.8,51,3.5
2020,Kapurthala,Wheat,1005,25.6,56,3.49
2021,Kapurthala,Wheat,574,34.2,75,3.78
2022,Kapurthala,Wheat,711,27.1,77,3.33
2023,Kapurthala,Wheat,678,29.0,80,3.81
2024,Kapurthala,Wheat,626,30.3,54,3.81
2010,Kapurthala,Rice,547,25.1,67,4.49
2011,Kapurthala,Rice,638,25.6,78,4.96
2012,Kapurthala,Rice,927,30.5,72,4.35
2013,Kapurthala,Rice,985,29.4,70,4.71
2014,Kapurthala,Rice,881,26.3,63,4.55
2015,Kapurthala,Rice,824,25.7,56,4.45
2016,Kapurthala,Rice,759,29.2,62,4.12
2017,Kapurthala,Rice,607,24.3,69,5.0
2018,Kapurthala,Rice,743,26.0,72,4.4
2019,Kapurthala,Rice,840,34.1,70,4.76
2020,Kapurthala,Rice,417,25.6,56,4.57
2021,Kapurthala,Rice,510,32.1,64,4.45
2022,Kapurthala,Rice,651,28.3,58,4.66
2023,Kapurthala,Rice,481,26.7,83,4.26
2024,Kapurthala,Rice,1007,27.1,73,4.52
2010,Kapurthala,Cotton,666,29.4,70,2.66
2011,Kapurthala,Cotton,770,27.7,57,3.22
2012,Kapurthala,Cotton,969,24.4,74,2.45
2013,Kapurthala,Cotton,1053,30.5,82,2.34
2014,Kapurthala,Cotton,802,32.6,81,2.81
2015,Kapurthala,Cotton,975,33.4,53,2.81
2016,Kapurthala,Cotton,439,25.7,63,3.1
2017,Kapurthala,Cotton,466,32.6,57,2.67
2018,Kapurthala,Cotton,549,30.6,68,2.88
2019,Kapurthala,Cotton,509,34.5,50,3.06
2020,Kapurthala,Cotton,764,34.0,64,2.31
2021,Kapurthala,Cotton,553,27.1,58,2.57
2022,Kapurthala,Cotton,418,27.4,74,2.73
2023,Kapurthala,Cotton,818,29.9,76,2.95
2024,Kapurthala,Cotton,991,30.3,50,2.77
2010,Kapurthala,Maize,899,25.0,75,3.43
2011,Kapurthala,Maize,743,33.3,54,2.52
2012,Kapurthala,Maize,492,30.5,56,3.09
2013,Kapurthala,Maize,433,27.1,52,3.02
2014,Kapurthala,Maize,953,27.8,78,2.69
2015,Kapurthala,Maize,513,26.5,65,2.59
2016,Kapurthala,Maize,692,28.3,54,3.29
2017,Kapurthala,Maize,583,24.9,79,3.45
2018,Kapurthala,Maize,592,34.8,60,3.26
2019,Kapurthala,Maize,778,25.1,62,3.48
2020,Kapurthala,Maize,609,30.9,57,3.07
2021,Kapurthala,Maize,524,27.7,67,2.87
2022,Kapurthala,Maize,515,31.7,83,3.0
2023,Kapurthala,Maize,410,27.9,85,3.21
2024,Kapurthala,Maize,638,31.6,69,3.4
2010,Kapurthala,Sugarcane,525,25.4,58,5.55
2011,Kapurthala,Sugarcane,757,27.8,67,6.35
2012,Kapurthala,Sugarcane,794,26.9,76,6.44
2013,Kapurthala,Sugarcane,971,27.0,62,6.49
2014,Kapurthala,Sugarcane,840,34.8,81,6.46
2015,Kapurthala,Sugarcane,670,32.1,71,6.19
2016,Kapurthala,Sugarcane,582,27.2,68,5.83
2017,Kapurthala,Sugarcane,690,28.4,51,6.49
2018,Kapurthala,Sugarcane,622,34.8,67,6.01
2019,Kapurthala,Sugarcane,405,30.3,81,6.32
2020,Kapurthala,Sugarcane,684,28.0,76,5.62
2021,Kapurthala,Sugarcane,1015,31.4,57,5.78
2022,Kapurthala,Sugarcane,848,30.9,79,6.45
2023,Kapurthala,Sugarcane,703,26.7,80,5.52
2024,Kapurthala,Sugarcane,1012,33.7,59,5.91
2010,Kapurthala,Mustard,575,30.6,65,1.55
2011,Kapurthala,Mustard,1085,28.1,60,2.17
2012,Kapurthala,Mustard,688,27.9,50,1.79
2013,Kapurthala,Mustard,412,32.9,81,2.01
2014,Kapurthala,Mustard,879,24.5,67,2.42
2015,Kapurthala,Mustard,801,30.7,51,2.12
2016,Kapurthala,Mustard,607,31.1,59,1.52
2017,Kapurthala,Mustard,797,26.3,50,1.63
2018,Kapurthala,Mustard,758,31.1,82,1.86
2019,Kapurthala,Mustard,642,34.5,84,1.85
2020,Kapurthala,Mustard,963,34.1,64,1.68
2021,Kapurthala,Mustard,527,26.7,77,2.17
2022,Kapurthala,Mustard,1091,34.4,79,2.08
2023,Kapurthala,Mustard,942,32.5,66,1.68
2024,Kapurthala,Mustard,453,30.0,63,2.06
2010,Kapurthala,Potato,520,26.1,83,4.99
2011,Kapurthala,Potato,490,33.0,82,5.2
2012,Kapurthala,Potato,443,34.4,55,5.07
2013,Kapurthala,Potato,492,32.8,62,4.52
2014,Kapurthala,Potato,1019,34.0,81,4.85
2015,Kapurthala,Potato,910,30.0,79,5.45
2016,Kapurthala,Potato,698,29.5,58,5.02
2017,Kapurthala,Potato,822,32.9,57,5.5
2018,Kapurthala,Potato,814,34.8,77,4.97
2019,Kapurthala,Potato,1027,25.4,74,5.09
2020,Kapurthala,Potato,862,28.5,60,5.07
2021,Kapurthala,Potato,508,29.8,83,4.79
2022,Kapurthala,Potato,628,27.0,79,4.96
2023,Kapurthala,Potato,888,24.0,82,4.8
2024,Kapurthala,Potato,837,26.2,75,5.41
2010,Kapurthala,Bajra,1002,34.1,71,2.19
2011,Kapurthala,Bajra,899,26.1,56,2.23
2012,Kapurthala,Bajra,666,26.4,60,2.36
2013,Kapurthala,Bajra,433,26.5,63,2.23
2014,Kapurthala,Bajra,524,32.1,57,1.73
2015,Kapurthala,Bajra,1058,30.2,54,2.54
2016,Kapurthala,Bajra,834,31.4,59,2.04
2017,Kapurthala,Bajra,436,28.9,60,1.78
2018,Kapurthala,Bajra,722,28.7,60,2.27
2019,Kapurthala,Bajra,575,28.6,80,2.28
2020,Kapurthala,Bajra,471,26.2,58,1.77
2021,Kapurthala,Bajra,530,33.6,80,2.36
2022,Kapurthala,Bajra,1085,27.6,55,2.48
2023,Kapurthala,Bajra,753,26.0,83,2.28
2024,Kapurthala,Bajra,546,31.6,52,2.69
2010,Kapurthala,Gram,539,27.1,63,2.14
2011,Kapurthala,Gram,504,34.2,67,1.76
2012,Kapurthala,Gram,804,30.3,68,2.02
2013,Kapurthala,Gram,740,25.4,60,1.78
2014,Kapurthala,Gram,768,26.7,57,1.31
2015,Kapurthala,Gram,809,34.9,57,1.43
2016,Kapurthala,Gram,1042,32.2,75,1.63
2017,Kapurthala,Gram,948,26.2,53,1.89
2018,Kapurthala,Gram,941,27.9,57,1.52
2019,Kapurthala,Gram,504,30.1,52,1.47
2020,Kapurthala,Gram,739,33.3,69,1.93
2021,Kapurthala,Gram,694,24.6,50,2.24
2022,Kapurthala,Gram,1064,28.6,55,1.84
2023,Kapurthala,Gram,450,28.2,56,1.96
2024,Kapurthala,Gram,873,33.9,76,1.8
2010,Kapurthala,Sunflower,573,29.5,64,2.64
2011,Kapurthala,Sunflower,585,29.5,71,2.63
2012,Kapurthala,Sunflower,781,28.5,63,2.52
2013,Kapurthala,Sunflower,705,33.8,53,1.89
2014,Kapurthala,Sunflower,650,29.0,82,2.21
2015,Kapurthala,Sunflower,517,32.8,67,2.42
2016,Kapurthala,Sunflower,856,34.7,53,2.09
2017,Kapurthala,Sunflower,982,26.6,84,2.41
2018,Kapurthala,Sunflower,597,34.3,51,2.22
2019,Kapurthala,Sunflower,496,30.3,65,2.48
2020,Kapurthala,Sunflower,481,33.3,55,2.34
2021,Kapurthala,Sunflower,556,33.3,83,1.9
2022,Kapurthala,Sunflower,615,27.7,54,2.77
2023,Kapurthala,Sunflower,786,34.7,51,2.25
2024,Kapurthala,Sunflower,1064,26.9,78,2.58
2010,Gurdaspur,Wheat,812,29.1,72,3.79
2011,Gurdaspur,Wheat,615,32.9,62,3.39
2012,Gurdaspur,Wheat,548,27.9,84,3.06
2013,Gurdaspur,Wheat,710,31.6,79,3.81
2014,Gurdaspur,Wheat,675,27.0,79,3.42
2015,Gurdaspur,Wheat,545,27.1,60,3.91
2016,Gurdaspur,Wheat,997,26.9,57,3.65
2017,Gurdaspur,Wheat,963,30.4,52,3.64
2018,Gurdaspur,Wheat,652,32.0,85,3.55
2019,Gurdaspur,Wheat,746,28.6,68,3.91
2020,Gurdaspur,Wheat,730,28.8,65,3.3
2021,Gurdaspur,Wheat,587,27.7,71,3.11
2022,Gurdaspur,Wheat,550,25.2,79,3.35
2023,Gurdaspur,Wheat,480,29.2,68,3.55
2024,Gurdaspur,Wheat,874,29.1,69,3.09
2010,Gurdaspur,Rice,833,29.9,56,4.37
2011,Gurdaspur,Rice,700,25.4,71,4.85
2012,Gurdaspur,Rice,630,27.6,77,4.94
2013,Gurdaspur,Rice,588,25.9,82,4.09
2014,Gurdaspur,Rice,723,32.9,74,4.27
2015,Gurdaspur,Rice,511,27.5,74,4.2
2016,Gurdaspur,Rice,1031,30.1,62,4.76
2017,Gurdaspur,Rice,744,24.6,80,4.71
2018,Gurdaspur,Rice,656,26.1,69,4.89
2019,Gurdaspur,Rice,553,32.5,71,4.54
2020,Gurdaspur,Rice,903,33.9,68,4.17
2021,Gurdaspur,Rice,960,30.4,64,4.71
2022,Gurdaspur,Rice,542,33.5,56,4.93
2023,Gurdaspur,Rice,791,33.5,66,4.33
2024,Gurdaspur,Rice,957,27.2,68,4.96
2010,Gurdaspur,Cotton,656,32.3,63,2.69
2011,Gurdaspur,Cotton,905,30.5,78,3.14
2012,Gurdaspur,Cotton,1026,24.6,76,2.77
2013,Gurdaspur,Cotton,1095,28.3,66,2.77
2014,Gurdaspur,Cotton,415,29.4,73,2.8
2015,Gurdaspur,Cotton,811,29.1,75,3.04
2016,Gurdaspur,Cotton,643,26.2,82,3.03
2017,Gurdaspur,Cotton,651,25.9,53,3.16
2018,Gurdaspur,Cotton,968,32.4,66,2.61
2019,Gurdaspur,Cotton,627,26.1,71,3.28
2020,Gurdaspur,Cotton,1008,32.1,61,2.41
2021,Gurdaspur,Cotton,987,33.5,70,2.79
2022,Gurdaspur,Cotton,725,31.8,65,2.42
2023,Gurdaspur,Cotton,790,33.8,60,2.95
2024,Gurdaspur,Cotton,500,25.4,55,2.94
2010,Gurdaspur,Maize,618,34.7,66,2.61
2011,Gurdaspur,Maize,464,29.4,72,3.04
2012,Gurdaspur,Maize,825,33.8,80,3.39
2013,Gurdaspur,Maize,489,30.4,75,2.71
2014,Gurdaspur,Maize,963,26.3,63,2.66
2015,Gurdaspur,Maize,555,25.9,54,3.35
2016,Gurdaspur,Maize,879,29.5,53,3.49
2017,Gurdaspur,Maize,930,26.4,64,3.02
2018,Gurdaspur,Maize,574,34.4,61,3.4
2019,Gurdaspur,Maize,647,30.4,85,3.34
2020,Gurdaspur,Maize,758,33.9,53,2.81
2021,Gurdaspur,Maize,1073,26.2,64,2.91
2022,Gurdaspur,Maize,934,33.8,80,2.65
2023,Gurdaspur,Maize,446,33.6,75,2.89
2024,Gurdaspur,Maize,664,31.1,81,2.76
2010,Gurdaspur,Sugarcane,609,26.3,81,5.95
2011,Gurdaspur,Sugarcane,486,31.4,57,6.47
2012,Gurdaspur,Sugarcane,658,28.4,60,6.21
2013,Gurdaspur,Sugarcane,1048,31.4,57,5.67
2014,Gurdaspur,Sugarcane,876,29.8,66,5.61
2015,Gurdaspur,Sugarcane,972,31.7,80,5.75
2016,Gurdaspur,Sugarcane,792,27.4,82,5.52
2017,Gurdaspur,Sugarcane,469,25.3,78,5.54
2018,Gurdaspur,Sugarcane,477,25.8,59,5.78
2019,Gurdaspur,Sugarcane,817,29.8,57,6.22
2020,Gurdaspur,Sugarcane,646,29.7,52,6.2
2021,Gurdaspur,Sugarcane,499,28.2,64,6.3
2022,Gurdaspur,Sugarcane,769,34.5,62,6.25
2023,Gurdaspur,Sugarcane,1017,32.0,63,5.85
2024,Gurdaspur,Sugarcane,651,30.4,74,5.65
2010,Gurdaspur,Mustard,1010,26.8,54,1.93
2011,Gurdaspur,Mustard,829,25.1,61,1.85
2012,Gurdaspur,Mustard,761,28.1,53,2.15
2013,Gurdaspur,Mustard,718,31.1,57,1.51
2014,Gurdaspur,Mustard,881,29.0,58,1.87
2015,Gurdaspur,Mustard,813,32.3,64,2.05
2016,Gurdaspur,Mustard,434,24.8,61,1.76
2017,Gurdaspur,Mustard,1051,30.0,67,1.99
2018,Gurdaspur,Mustard,1058,25.2,64,2.26
2019,Gurdaspur,Mustard,678,30.2,51,1.86
2020,Gurdaspur,Mustard,976,25.8,85,1.84
2021,Gurdaspur,Mustard,749,26.1,83,2.01
2022,Gurdaspur,Mustard,896,27.7,66,1.54
2023,Gurdaspur,Mustard,407,24.0,73,2.48
2024,Gurdaspur,Mustard,769,29.6,80,1.73
2010,Gurdaspur,Potato,602,33.6,74,5.39
2011,Gurdaspur,Potato,1027,31.0,74,4.81
2012,Gurdaspur,Potato,969,29.3,57,4.93
2013,Gurdaspur,Potato,759,28.6,53,4.58
2014,Gurdaspur,Potato,678,30.3,67,4.74
2015,Gurdaspur,Potato,807,32.8,65,4.69
2016,Gurdaspur,Potato,418,25.1,58,5.4
2017,Gurdaspur,Potato,953,34.1,73,4.88
2018,Gurdaspur,Potato,938,28.8,75,5.48
2019,Gurdaspur,Potato,1010,29.5,84,5.31
2020,Gurdaspur,Potato,730,26.9,62,4.57
2021,Gurdaspur,Potato,440,27.2,55,4.8
2022,Gurdaspur,Potato,524,32.9,77,4.86
2023,Gurdaspur,Potato,479,29.4,61,5.04
2024,Gurdaspur,Potato,972,34.2,59,5.11
2010,Gurdaspur,Bajra,736,32.2,70,2.2
2011,Gurdaspur,Bajra,415,30.4,63,2.47
2012,Gurdaspur,Bajra,656,24.4,53,1.93
2013,Gurdaspur,Bajra,791,25.1,82,1.7
2014,Gurdaspur,Bajra,1044,30.5,72,2.68
2015,Gurdaspur,Bajra,839,29.9,64,2.62
2016,Gurdaspur,Bajra,536,31.7,63,1.97
2017,Gurdaspur,Bajra,705,28.8,67,2.21
2018,Gurdaspur,Bajra,1093,27.7,85,2.58
2019,Gurdaspur,Bajra,970,33.9,85,2.25
2020,Gurdaspur,Bajra,402,25.4,75,2.03
2021,Gurdaspur,Bajra,886,33.3,63,2.05
2022,Gurdaspur,Bajra,498,33.2,72,1.91
2023,Gurdaspur,Bajra,900,28.9,65,1.89
2024,Gurdaspur,Bajra,576,34.1,83,2.53
2010,Gurdaspur,Gram,1070,33.6,67,1.85
2011,Gurdaspur,Gram,680,33.9,65,1.63
2012,Gurdaspur,Gram,595,28.0,74,2.0
2013,Gurdaspur,Gram,877,26.0,67,2.25
2014,Gurdaspur,Gram,921,34.9,75,1.86
2015,Gurdaspur,Gram,868,32.7,73,2.08
2016,Gurdaspur,Gram,946,31.6,82,1.42
2017,Gurdaspur,Gram,675,26.1,61,1.99
2018,Gurdaspur,Gram,1036,34.1,70,1.77
2019,Gurdaspur,Gram,449,32.4,51,1.52
2020,Gurdaspur,Gram,1081,25.6,73,1.9
2021,Gurdaspur,Gram,999,30.0,75,1.6
2022,Gurdaspur,Gram,483,27.2,69,2.15
2023,Gurdaspur,Gram,575,33.7,71,1.47
2024,Gurdaspur,Gram,910,27.4,51,2.22
2010,Gurdaspur,Sunflower,1080,33.5,71,2.45
2011,Gurdaspur,Sunflower,760,26.4,70,2.28
2012,Gurdaspur,Sunflower,1059,31.5,81,2.58
2013,Gurdaspur,Sunflower,909,24.2,59,2.18
2014,Gurdaspur,Sunflower,942,24.2,51,2.77
2015,Gurdaspur,Sunflower,754,31.7,56,2.43
2016,Gurdaspur,Sunflower,727,29.2,59,2.14
2017,Gurdaspur,Sunflower,1075,31.6,76,1.85
2018,Gurdaspur,Sunflower,942,29.4,64,2.08
2019,Gurdaspur,Sunflower,411,25.9,77,1.85
2020,Gurdaspur,Sunflower,430,26.8,70,2.39
2021,Gurdaspur,Sunflower,836,26.2,62,2.64
2022,Gurdaspur,Sunflower,616,33.8,80,1.91
2023,Gurdaspur,Sunflower,895,26.0,63,2.61
2024,Gurdaspur,Sunflower,435,27.1,65,2.15
2010,Pathankot,Wheat,482,30.7,58,3.34
2011,Pathankot,Wheat,562,29.7,77,3.12
2012,Pathankot,Wheat,615,24.1,60,3.55
2013,Pathankot,Wheat,400,28.9,57,3.79
2014,Pathankot,Wheat,722,31.0,77,3.95
2015,Pathankot,Wheat,405,31.8,74,3.81
2016,Pathankot,Wheat,811,27.7,76,3.76
2017,Pathankot,Wheat,615,31.1,69,3.3
2018,Pathankot,Wheat,1063,26.9,77,3.15
2019,Pathankot,Wheat,578,33.0,79,3.86
2020,Pathankot,Wheat,927,30.7,53,3.08
2021,Pathankot,Wheat,556,31.9,71,3.93
2022,Pathankot,Wheat,1024,29.5,77,3.09
2023,Pathankot,Wheat,774,25.2,52,3.66
2024,Pathankot,Wheat,504,28.1,77,3.33
2010,Pathankot,Rice,617,33.4,81,4.94
2011,Pathankot,Rice,694,31.4,64,4.08
2012,Pathankot,Rice,1031,26.7,66,4.2
2013,Pathankot,Rice,894,24.9,77,4.66
2014,Pathankot,Rice,981,29.7,63,4.33
2015,Pathankot,Rice,683,25.1,70,4.5
2016,Pathankot,Rice,820,29.2,82,4.72
2017,Pathankot,Rice,783,33.2,55,4.83
2018,Pathankot,Rice,546,24.2,72,4.4
2019,Pathankot,Rice,559,32.9,58,4.46
2020,Pathankot,Rice,690,27.8,81,4.11
2021,Pathankot,Rice,430,27.7,79,4.65
2022,Pathankot,Rice,1096,33.2,65,4.13
2023,Pathankot,Rice,578,34.2,84,4.53
2024,Pathankot,Rice,837,26.0,81,4.1
2010,Pathankot,Cotton,650,33.0,72,2.67
2011,Pathankot,Cotton,581,27.3,69,2.49
2012,Pathankot,Cotton,1036,30.7,51,3.19
2013,Pathankot,Cotton,778,32.8,71,3.03
2014,Pathankot,Cotton,729,29.3,60,2.55
2015,Pathankot,Cotton,772,28.9,57,2.31
2016,Pathankot,Cotton,1045,27.2,59,2.7
2017,Pathankot,Cotton,545,28.0,84,3.1
2018,Pathankot,Cotton,660,34.8,62,2.83
2019,Pathankot,Cotton,1029,33.8,69,3.04
2020,Pathankot,Cotton,568,29.3,76,2.5
2021,Pathankot,Cotton,1003,29.6,83,3.01
2022,Pathankot,Cotton,1078,27.4,66,3.29
2023,Pathankot,Cotton,460,24.3,79,2.65
2024,Pathankot,Cotton,547,26.3,68,3.1
2010,Pathankot,Maize,476,33.4,77,3.11
2011,Pathankot,Maize,869,28.8,64,3.15
2012,Pathankot,Maize,540,27.3,79,2.98
2013,Pathankot,Maize,440,34.2,51,2.7
2014,Pathankot,Maize,464,28.9,62,2.6
2015,Pathankot,Maize,870,28.6,73,2.87
2016,Pathankot,Maize,874,30.1,68,3.22
2017,Pathankot,Maize,555,33.3,55,2.86
2018,Pathankot,Maize,856,28.2,63,2.78
2019,Pathankot,Maize,782,24.9,52,3.42
2020,Pathankot,Maize,716,24.5,65,2.89
2021,Pathankot,Maize,409,26.6,85,2.9
2022,Pathankot,Maize,1051,27.3,63,3.14
2023,Pathankot,Maize,519,26.6,59,3.4
2024,Pathankot,Maize,442,27.3,54,2.84
2010,Pathankot,Sugarcane,496,32.2,74,5.87
2011,Pathankot,Sugarcane,685,25.1,53,5.59
2012,Pathankot,Sugarcane,571,33.7,65,5.64
2013,Pathankot,Sugarcane,1092,29.7,85,5.56
2014,Pathankot,Sugarcane,606,30.7,61,6.3
2015,Pathankot,Sugarcane,561,31.8,63,6.0
2016,Pathankot,Sugarcane,785,32.1,77,6.43
2017,Pathankot,Sugarcane,670,30.0,52,6.22
2018,Pathankot,Sugarcane,866,28.7,52,5.74
2019,Pathankot,Sugarcane,661,26.4,52,6.06
2020,Pathankot,Sugarcane,470,32.7,76,6.38
2021,Pathankot,Sugarcane,1051,31.9,73,6.35
2022,Pathankot,Sugarcane,660,27.1,81,6.29
2023,Pathankot,Sugarcane,978,30.1,76,6.26
2024,Pathankot,Sugarcane,622,32.2,73,6.05
2010,Pathankot,Mustard,589,27.2,63,1.67
2011,Pathankot,Mustard,673,32.9,57,2.05
2012,Pathankot,Mustard,604,26.1,56,2.05
2013,Pathankot,Mustard,934,32.6,73,2.29
2014,Pathankot,Mustard,1008,34.7,51,2.09
2015,Pathankot,Mustard,1010,25.9,78,1.9
2016,Pathankot,Mustard,719,25.9,53,1.97
2017,Pathankot,Mustard,1046,25.5,54,1.68
2018,Pathankot,Mustard,856,32.0,65,2.3
2019,Pathankot,Mustard,895,26.3,67,2.44
2020,Pathankot,Mustard,805,24.2,52,2.26
2021,Pathankot,Mustard,522,24.4,60,1.5
2022,Pathankot,Mustard,809,32.4,84,1.97
2023,Pathankot,Mustard,517,28.3,71,2.24
2024,Pathankot,Mustard,1018,32.0,62,2.06
2010,Pathankot,Potato,735,24.8,52,4.86
2011,Pathankot,Potato,814,25.4,59,4.75
2012,Pathankot,Potato,991,32.2,59,4.91
2013,Pathankot,Potato,461,32.6,77,5.06
2014,Pathankot,Potato,1096,32.0,85,5.03
2015,Pathankot,Potato,805,29.0,77,5.44
2016,Pathankot,Potato,889,24.7,50,5.27
2017,Pathankot,Potato,710,33.6,50,5.41
2018,Pathankot,Potato,830,34.5,55,4.9
2019,Pathankot,Potato,630,26.4,70,5.21
2020,Pathankot,Potato,602,29.9,69,4.61
2021,Pathankot,Potato,761,30.6,65,4.84
2022,Pathankot,Potato,549,32.0,51,4.64
2023,Pathankot,Potato,1014,27.1,63,4.59
2024,Pathankot,Potato,875,33.8,60,5.1
2010,Pathankot,Bajra,527,29.0,79,2.39
2011,Pathankot,Bajra,648,30.6,51,2.23
2012,Pathankot,Bajra,563,27.8,71,2.0
2013,Pathankot,Bajra,673,24.2,67,1.93
2014,Pathankot,Bajra,489,30.3,70,2.69
2015,Pathankot,Bajra,917,33.6,64,2.17
2016,Pathankot,Bajra,612,33.9,53,2.61
2017,Pathankot,Bajra,776,34.9,53,1.73
2018,Pathankot,Bajra,905,31.2,77,2.26
2019,Pathankot,Bajra,876,31.1,72,1.75
2020,Pathankot,Bajra,490,31.2,83,1.99
2021,Pathankot,Bajra,549,31.3,63,2.01
2022,Pathankot,Bajra,616,34.3,65,2.32
2023,Pathankot,Bajra,550,27.0,54,2.67
2024,Pathankot,Bajra,1019,25.4,78,2.34
2010,Pathankot,Gram,852,24.8,51,2.02
2011,Pathankot,Gram,908,31.1,58,1.73
2012,Pathankot,Gram,989,34.2,66,2.12
2013,Pathankot,Gram,946,27.4,84,1.35
2014,Pathankot,Gram,469,32.9,80,1.6
2015,Pathankot,Gram,1088,25.9,51,2.02
2016,Pathankot,Gram,830,25.9,50,2.06
2017,Pathankot,Gram,641,33.1,58,1.49
2018,Pathankot,Gram,585,26.9,63,1.77
2019,Pathankot,Gram,895,27.2,73,2.1
2020,Pathankot,Gram,551,35.0,74,2.24
2021,Pathankot,Gram,930,25.7,75,2.29
2022,Pathankot,Gram,692,29.3,70,2.01
2023,Pathankot,Gram,994,26.5,64,1.62
2024,Pathankot,Gram,1085,33.6,66,1.48
2010,Pathankot,Sunflower,549,34.8,60,2.54
2011,Pathankot,Sunflower,956,27.4,72,2.46
2012,Pathankot,Sunflower,818,27.4,73,1.98
2013,Pathankot,Sunflower,688,25.6,83,2.78
2014,Pathankot,Sunflower,634,27.3,55,2.6
2015,Pathankot,Sunflower,430,33.4,62,2.39
2016,Pathankot,Sunflower,939,30.0,80,2.52
2017,Pathankot,Sunflower,971,26.5,56,1.87
2018,Pathankot,Sunflower,449,33.4,60,2.29
2019,Pathankot,Sunflower,829,26.7,57,1.98
2020,Pathankot,Sunflower,539,34.7,59,1.81
2021,Pathankot,Sunflower,1002,33.3,61,2.06
2022,Pathankot,Sunflower,525,25.7,59,2.66
2023,Pathankot,Sunflower,858,30.3,82,2.57
2024,Pathankot,Sunflower,829,25.4,72,2.25
2010,Hoshiarpur,Wheat,521,33.7,78,3.58
2011,Hoshiarpur,Wheat,507,26.9,54,3.47
2012,Hoshiarpur,Wheat,721,33.7,79,3.53
2013,Hoshiarpur,Wheat,466,34.4,69,3.19
2014,Hoshiarpur,Wheat,780,24.2,85,3.43
2015,Hoshiarpur,Wheat,493,26.3,67,3.61
2016,Hoshiarpur,Wheat,458,26.9,50,3.16
2017,Hoshiarpur,Wheat,743,26.1,76,3.69
2018,Hoshiarpur,Wheat,901,28.4,73,3.87
2019,Hoshiarpur,Wheat,507,34.7,63,3.88
2020,Hoshiarpur,Wheat,710,28.7,61,3.05
2021,Hoshiarpur,Wheat,607,24.1,55,3.78
2022,Hoshiarpur,Wheat,1092,29.6,84,3.08
2023,Hoshiarpur,Wheat,963,32.7,78,3.05
2024,Hoshiarpur,Wheat,612,26.1,85,3.94
2010,Hoshiarpur,Rice,846,30.3,56,4.1
2011,Hoshiarpur,Rice,852,25.4,63,4.55
2012,Hoshiarpur,Rice,1013,25.3,51,4.85
2013,Hoshiarpur,Rice,535,33.3,60,4.83
2014,Hoshiarpur,Rice,917,29.1,67,4.81
2015,Hoshiarpur,Rice,548,31.3,81,4.43
2016,Hoshiarpur,Rice,1062,28.6,78,4.17
2017,Hoshiarpur,Rice,857,29.6,56,4.47
2018,Hoshiarpur,Rice,877,32.2,79,4.15
2019,Hoshiarpur,Rice,556,31.2,81,4.92
2020,Hoshiarpur,Rice,826,28.9,81,4.79
2021,Hoshiarpur,Rice,1090,33.8,59,4.3
2022,Hoshiarpur,Rice,541,29.7,52,4.37
2023,Hoshiarpur,Rice,656,24.8,68,4.11
2024,Hoshiarpur,Rice,791,25.1,77,4.97
2010,Hoshiarpur,Cotton,1075,24.5,73,2.56
2011,Hoshiarpur,Cotton,1005,31.8,63,2.87
2012,Hoshiarpur,Cotton,877,31.7,77,3.05
2013,Hoshiarpur,Cotton,563,26.3,58,3.17
2014,Hoshiarpur,Cotton,676,34.9,61,3.17
2015,Hoshiarpur,Cotton,1009,31.5,70,3.15
2016,Hoshiarpur,Cotton,510,32.6,70,3.08
2017,Hoshiarpur,Cotton,1027,33.7,75,3.12
2018,Hoshiarpur,Cotton,514,25.6,84,2.7
2019,Hoshiarpur,Cotton,824,28.8,64,2.8
2020,Hoshiarpur,Cotton,412,29.3,65,2.98
2021,Hoshiarpur,Cotton,401,30.8,79,2.56
2022,Hoshiarpur,Cotton,709,34.0,74,2.8
2023,Hoshiarpur,Cotton,595,32.3,71,2.55
2024,Hoshiarpur,Cotton,499,27.9,59,2.48
2010,Hoshiarpur,Maize,646,30.1,73,3.09
2011,Hoshiarpur,Maize,483,24.6,69,2.72
2012,Hoshiarpur,Maize,923,32.5,67,3.36
2013,Hoshiarpur,Maize,967,27.2,57,3.1
2014,Hoshiarpur,Maize,987,28.2,57,2.72
2015,Hoshiarpur,Maize,401,26.2,81,2.87
2016,Hoshiarpur,Maize,422,32.3,71,2.91
2017,Hoshiarpur,Maize,561,24.9,59,3.27
2018,Hoshiarpur,Maize,1027,28.4,53,3.12
2019,Hoshiarpur,Maize,741,31.5,63,3.36
2020,Hoshiarpur,Maize,814,26.5,65,2.95
2021,Hoshiarpur,Maize,456,29.4,54,2.57
2022,Hoshiarpur,Maize,1099,26.7,65,2.84
2023,Hoshiarpur,Maize,671,28.5,80,3.16
2024,Hoshiarpur,Maize,424,32.9,75,3.09
2010,Hoshiarpur,Sugarcane,474,30.6,52,5.55
2011,Hoshiarpur,Sugarcane,730,31.8,74,6.01
2012,Hoshiarpur,Sugarcane,663,29.8,72,6.47
2013,Hoshiarpur,Sugarcane,599,29.7,82,6.19
2014,Hoshiarpur,Sugarcane,848,28.3,70,5.57
2015,Hoshiarpur,Sugarcane,567,31.5,76,6.46
2016,Hoshiarpur,Sugarcane,579,34.8,83,6.43
2017,Hoshiarpur,Sugarcane,807,27.2,84,5.78
2018,Hoshiarpur,Sugarcane,836,26.9,72,6.17
2019,Hoshiarpur,Sugarcane,988,29.3,78,6.29
2020,Hoshiarpur,Sugarcane,1054,26.8,78,6.32
2021,Hoshiarpur,Sugarcane,951,29.3,82,6.19
2022,Hoshiarpur,Sugarcane,1029,34.3,82,5.72
2023,Hoshiarpur,Sugarcane,950,29.1,71,5.77
2024,Hoshiarpur,Sugarcane,966,33.1,81,6.07
2010,Hoshiarpur,Mustard,962,24.3,64,1.78
2011,Hoshiarpur,Mustard,753,30.7,58,1.52
2012,Hoshiarpur,Mustard,420,32.1,56,2.38
2013,Hoshiarpur,Mustard,902,29.3,60,2.28
2014,Hoshiarpur,Mustard,654,30.5,74,1.77
2015,Hoshiarpur,Mustard,417,24.5,59,1.99
2016,Hoshiarpur,Mustard,912,29.8,75,1.72
2017,Hoshiarpur,Mustard,694,30.3,63,1.75
2018,Hoshiarpur,Mustard,584,33.5,80,2.22
2019,Hoshiarpur,Mustard,1063,27.3,61,1.91
2020,Hoshiarpur,Mustard,560,29.4,69,1.65
2021,Hoshiarpur,Mustard,863,34.6,51,2.32
2022,Hoshiarpur,Mustard,742,30.9,75,1.91
2023,Hoshiarpur,Mustard,1048,24.8,63,2.4
2024,Hoshiarpur,Mustard,781,34.0,74,1.77
2010,Hoshiarpur,Potato,801,26.6,83,5.24
2011,Hoshiarpur,Potato,635,31.1,57,4.69
2012,Hoshiarpur,Potato,643,27.6,51,5.48
2013,Hoshiarpur,Potato,1043,32.0,60,5.14
2014,Hoshiarpur,Potato,461,27.8,77,4.94
2015,Hoshiarpur,Potato,902,32.8,52,5.49
2016,Hoshiarpur,Potato,825,25.8,78,5.16
2017,Hoshiarpur,Potato,474,32.6,65,4.54
2018,Hoshiarpur,Potato,675,28.9,67,5.33
2019,Hoshiarpur,Potato,708,34.8,83,4.54
2020,Hoshiarpur,Potato,754,31.6,71,4.84
2021,Hoshiarpur,Potato,603,26.9,53,4.55
2022,Hoshiarpur,Potato,899,29.7,52,4.7
2023,Hoshiarpur,Potato,1038,26.6,62,4.92
2024,Hoshiarpur,Potato,840,24.3,78,5.01
2010,Hoshiarpur,Bajra,521,25.9,72,1.96
2011,Hoshiarpur,Bajra,733,32.1,83,2.1
2012,Hoshiarpur,Bajra,1068,24.0,63,1.9
2013,Hoshiarpur,Bajra,984,27.0,69,2.64
2014,Hoshiarpur,Bajra,760,28.7,68,2.26
2015,Hoshiarpur,Bajra,810,24.4,50,1.73
2016,Hoshiarpur,Bajra,699,30.8,59,2.12
2017,Hoshiarpur,Bajra,781,30.3,64,1.93
2018,Hoshiarpur,Bajra,653,34.4,56,2.47
2019,Hoshiarpur,Bajra,986,32.8,54,1.94
2020,Hoshiarpur,Bajra,847,24.2,81,2.08
2021,Hoshiarpur,Bajra,549,28.2,63,2.01
2022,Hoshiarpur,Bajra,405,31.2,54,2.32
2023,Hoshiarpur,Bajra,897,28.6,84,2.33
2024,Hoshiarpur,Bajra,959,24.4,85,1.97
2010,Hoshiarpur,Gram,1053,31.2,77,2.26
2011,Hoshiarpur,Gram,456,33.9,51,2.06
2012,Hoshiarpur,Gram,795,25.8,79,1.4
2013,Hoshiarpur,Gram,703,30.0,70,1.69
2014,Hoshiarpur,Gram,774,25.2,51,1.54
2015,Hoshiarpur,Gram,400,32.8,52,2.26
2016,Hoshiarpur,Gram,577,34.7,67,2.0
2017,Hoshiarpur,Gram,1014,33.7,79,2.23
2018,Hoshiarpur,Gram,1006,27.3,83,1.37
2019,Hoshiarpur,Gram,427,33.8,74,2.1
2020,Hoshiarpur,Gram,505,25.7,55,1.93
2021,Hoshiarpur,Gram,496,34.5,74,1.69
2022,Hoshiarpur,Gram,431,31.4,67,1.75
2023,Hoshiarpur,Gram,713,29.7,71,1.63
2024,Hoshiarpur,Gram,782,27.3,61,2.08
2010,Hoshiarpur,Sunflower,798,27.9,74,2.15
2011,Hoshiarpur,Sunflower,421,32.8,53,2.36
2012,Hoshiarpur,Sunflower,904,28.0,68,1.89
2013,Hoshiarpur,Sunflower,762,27.2,58,2.77
2014,Hoshiarpur,Sunflower,609,32.1,52,2.36
2015,Hoshiarpur,Sunflower,832,29.1,61,2.73
2016,Hoshiarpur,Sunflower,1026,31.5,85,2.57
2017,Hoshiarpur,Sunflower,576,33.8,61,2.27
2018,Hoshiarpur,Sunflower,996,29.8,60,2.22
2019,Hoshiarpur,Sunflower,913,33.2,72,2.34
2020,Hoshiarpur,Sunflower,921,27.6,55,1.9
2021,Hoshiarpur,Sunflower,1078,31.2,53,1.88
2022,Hoshiarpur,Sunflower,586,29.0,75,2.72
2023,Hoshiarpur,Sunflower,787,33.0,64,2.46
2024,Hoshiarpur,Sunflower,437,27.9,80,2.39
2010,Faridkot,Wheat,467,29.9,71,3.71
2011,Faridkot,Wheat,1097,29.0,60,3.6
2012,Faridkot,Wheat,614,31.1,50,3.78
2013,Faridkot,Wheat,503,32.7,56,3.24
2014,Faridkot,Wheat,884,24.3,69,3.95
2015,Faridkot,Wheat,410,27.6,58,3.18
2016,Faridkot,Wheat,549,27.0,61,3.68
2017,Faridkot,Wheat,844,27.6,58,3.78
2018,Faridkot,Wheat,982,25.5,76,3.55
2019,Faridkot,Wheat,1047,31.5,73,3.6
2020,Faridkot,Wheat,1005,28.6,81,3.4
2021,Faridkot,Wheat,778,34.5,53,3.58
2022,Faridkot,Wheat,670,34.5,80,3.88
2023,Faridkot,Wheat,411,31.4,72,3.5
2024,Faridkot,Wheat,776,31.4,53,3.2
2010,Faridkot,Rice,528,25.1,69,4.59
2011,Faridkot,Rice,844,29.5,78,4.34
2012,Faridkot,Rice,450,32.1,77,4.09
2013,Faridkot,Rice,572,32.0,55,4.37
2014,Faridkot,Rice,489,26.1,70,4.06
2015,Faridkot,Rice,1024,33.2,56,4.22
2016,Faridkot,Rice,1020,25.2,82,4.41
2017,Faridkot,Rice,911,26.7,61,4.45
2018,Faridkot,Rice,781,33.1,65,4.04
2019,Faridkot,Rice,769,24.2,75,4.38
2020,Faridkot,Rice,553,25.7,71,4.78
2021,Faridkot,Rice,429,34.7,82,4.71
2022,Faridkot,Rice,790,25.2,81,4.82
2023,Faridkot,Rice,716,27.5,56,4.7
2024,Faridkot,Rice,894,28.8,83,4.85
2010,Faridkot,Cotton,951,30.5,62,3.11
2011,Faridkot,Cotton,628,28.6,71,3.06
2012,Faridkot,Cotton,962,29.2,61,2.76
2013,Faridkot,Cotton,443,25.4,65,3.04
2014,Faridkot,Cotton,612,33.0,76,3.14
2015,Faridkot,Cotton,444,28.8,63,2.75
2016,Faridkot,Cotton,573,30.0,83,2.32
2017,Faridkot,Cotton,1090,27.3,82,3.01
2018,Faridkot,Cotton,861,24.6,64,3.29
2019,Faridkot,Cotton,854,30.4,75,2.32
2020,Faridkot,Cotton,984,31.2,67,3.29
2021,Faridkot,Cotton,684,27.8,53,2.93
2022,Faridkot,Cotton,962,32.0,80,3.12
2023,Faridkot,Cotton,805,25.0,66,2.89
2024,Faridkot,Cotton,1022,33.2,54,3.17
2010,Faridkot,Maize,1073,24.6,62,2.57
2011,Faridkot,Maize,979,24.7,60,2.74
2012,Faridkot,Maize,421,31.8,85,2.8
2013,Faridkot,Maize,410,29.3,51,3.18
2014,Faridkot,Maize,691,27.0,64,3.0
2015,Faridkot,Maize,829,30.1,77,2.97
2016,Faridkot,Maize,433,32.6,80,2.64
2017,Faridkot,Maize,1028,24.6,85,3.28
2018,Faridkot,Maize,1004,33.1,52,2.99
2019,Faridkot,Maize,987,24.9,64,3.2
2020,Faridkot,Maize,663,33.9,71,2.68
2021,Faridkot,Maize,645,26.8,68,3.03
2022,Faridkot,Maize,476,26.0,70,2.78
2023,Faridkot,Maize,852,26.4,69,2.77
2024,Faridkot,Maize,833,26.6,82,3.16
2010,Faridkot,Sugarcane,956,28.4,73,6.4
2011,Faridkot,Sugarcane,936,34.5,59,5.91
2012,Faridkot,Sugarcane,731,26.6,65,6.34
2013,Faridkot,Sugarcane,706,27.2,74,5.72
2014,Faridkot,Sugarcane,441,31.2,76,5.95
2015,Faridkot,Sugarcane,1016,34.0,51,5.53
2016,Faridkot,Sugarcane,441,26.4,70,5.75
2017,Faridkot,Sugarcane,847,28.5,54,6.45
2018,Faridkot,Sugarcane,510,28.8,82,5.8
2019,Faridkot,Sugarcane,859,29.2,78,6.38
2020,Faridkot,Sugarcane,592,28.5,53,6.02
2021,Faridkot,Sugarcane,870,27.2,82,5.81
2022,Faridkot,Sugarcane,422,33.2,77,5.78
2023,Faridkot,Sugarcane,949,29.5,81,5.8
2024,Faridkot,Sugarcane,805,28.3,69,5.61
2010,Faridkot,Mustard,585,34.5,85,2.01
2011,Faridkot,Mustard,851,34.9,67,2.48
2012,Faridkot,Mustard,479,30.1,58,2.44
2013,Faridkot,Mustard,1069,28.7,53,2.25
2014,Faridkot,Mustard,978,31.0,50,2.2
2015,Faridkot,Mustard,755,32.2,66,2.33
2016,Faridkot,Mustard,874,33.0,54,1.85
2017,Faridkot,Mustard,889,28.2,73,1.61
2018,Faridkot,Mustard,655,32.5,77,2.09
2019,Faridkot,Mustard,418,28.0,82,2.09
2020,Faridkot,Mustard,561,30.0,74,2.1
2021,Faridkot,Mustard,1063,28.8,65,2.47
2022,Faridkot,Mustard,926,27.4,72,1.95
2023,Faridkot,Mustard,647,30.5,55,1.95
2024,Faridkot,Mustard,653,26.3,61,2.16
2010,Faridkot,Potato,833,30.1,72,4.67
2011,Faridkot,Potato,471,25.7,80,5.39
2012,Faridkot,Potato,754,24.9,61,4.63
2013,Faridkot,Potato,1092,24.5,50,4.64
2014,Faridkot,Potato,899,25.6,60,4.54
2015,Faridkot,Potato,540,31.7,65,5.42
2016,Faridkot,Potato,459,31.0,79,4.73
2017,Faridkot,Potato,636,27.3,66,4.51
2018,Faridkot,Potato,561,24.3,65,4.52
2019,Faridkot,Potato,899,28.5,66,5.17
2020,Faridkot,Potato,605,27.0,69,5.21
2021,Faridkot,Potato,993,32.9,56,5.35
2022,Faridkot,Potato,975,27.6,50,4.68
2023,Faridkot,Potato,1014,24.1,67,5.39
2024,Faridkot,Potato,1040,34.7,64,4.81
2010,Faridkot,Bajra,829,29.2,59,1.96
2011,Faridkot,Bajra,735,30.9,68,1.94
2012,Faridkot,Bajra,709,29.6,68,2.4
2013,Faridkot,Bajra,715,28.0,66,2.33
2014,Faridkot,Bajra,434,29.6,63,1.8
2015,Faridkot,Bajra,759,27.0,72,2.08
2016,Faridkot,Bajra,838,34.5,58,1.82
2017,Faridkot,Bajra,1098,31.8,76,2.62
2018,Faridkot,Bajra,631,26.3,52,2.38
2019,Faridkot,Bajra,610,26.6,80,2.53
2020,Faridkot,Bajra,678,25.5,73,2.4
2021,Faridkot,Bajra,749,32.1,64,2.0
2022,Faridkot,Bajra,806,28.7,67,1.72
2023,Faridkot,Bajra,1019,25.9,65,2.65
2024,Faridkot,Bajra,763,28.5,59,2.13
2010,Faridkot,Gram,608,33.2,72,1.38
2011,Faridkot,Gram,707,28.4,77,1.86
2012,Faridkot,Gram,872,28.2,64,2.12
2013,Faridkot,Gram,913,27.3,78,2.0
2014,Faridkot,Gram,986,29.6,74,2.07
2015,Faridkot,Gram,581,32.5,72,2.18
2016,Faridkot,Gram,550,34.4,67,1.88
2017,Faridkot,Gram,578,27.4,57,1.92
2018,Faridkot,Gram,881,27.9,64,1.84
2019,Faridkot,Gram,749,26.6,61,1.72
2020,Faridkot,Gram,738,30.6,53,1.93
2021,Faridkot,Gram,630,28.1,83,1.56
2022,Faridkot,Gram,429,34.5,51,2.09
2023,Faridkot,Gram,1071,26.1,66,2.25
2024,Faridkot,Gram,976,29.6,66,1.7
2010,Faridkot,Sunflower,1045,24.1,64,2.12
2011,Faridkot,Sunflower,584,31.6,84,2.0
2012,Faridkot,Sunflower,918,31.5,66,2.66
2013,Faridkot,Sunflower,495,25.9,66,2.46
2014,Faridkot,Sunflower,593,26.5,66,1.96
2015,Faridkot,Sunflower,591,27.5,66,2.73
2016,Faridkot,Sunflower,914,25.4,55,2.19
2017,Faridkot,Sunflower,858,25.5,60,2.75
2018,Faridkot,Sunflower,1023,25.4,50,2.06
2019,Faridkot,Sunflower,1031,24.5,77,2.05
2020,Faridkot,Sunflower,445,30.0,78,2.71
2021,Faridkot,Sunflower,978,26.2,73,1.93
2022,Faridkot,Sunflower,948,26.7,54,1.91
2023,Faridkot,Sunflower,484,31.0,79,2.02
2024,Faridkot,Sunflower,550,24.2,57,2.33
2010,Muktsar,Wheat,982,29.9,73,3.05
2011,Muktsar,Wheat,584,30.2,64,3.38
2012,Muktsar,Wheat,900,30.4,68,3.48
2013,Muktsar,Wheat,609,27.8,55,3.76
2014,Muktsar,Wheat,529,34.7,62,3.62
2015,Muktsar,Wheat,945,30.5,75,3.2
2016,Muktsar,Wheat,1065,28.2,84,3.87
2017,Muktsar,Wheat,733,24.5,62,3.48
2018,Muktsar,Wheat,636,27.6,67,3.7
2019,Muktsar,Wheat,527,34.1,69,3.97
2020,Muktsar,Wheat,973,33.9,84,3.83
2021,Muktsar,Wheat,785,25.6,76,3.68
2022,Muktsar,Wheat,552,28.8,69,3.46
2023,Muktsar,Wheat,613,24.7,72,3.67
2024,Muktsar,Wheat,1056,26.0,50,3.95
2010,Muktsar,Rice,834,24.4,51,4.13
2011,Muktsar,Rice,609,33.9,65,4.54
2012,Muktsar,Rice,1071,34.0,66,4.37
2013,Muktsar,Rice,913,27.9,85,4.05
2014,Muktsar,Rice,413,34.3,82,4.46
2015,Muktsar,Rice,734,33.5,56,4.1
2016,Muktsar,Rice,657,29.3,80,4.2
2017,Muktsar,Rice,475,25.1,62,4.54
2018,Muktsar,Rice,753,25.7,64,4.31
2019,Muktsar,Rice,918,32.2,60,4.77
2020,Muktsar,Rice,518,25.3,51,4.39
2021,Muktsar,Rice,588,31.8,51,4.38
2022,Muktsar,Rice,946,30.6,74,4.28
2023,Muktsar,Rice,626,29.9,57,4.73
2024,Muktsar,Rice,540,33.5,61,4.26
2010,Muktsar,Cotton,572,26.4,73,3.17
2011,Muktsar,Cotton,845,32.8,75,2.64
2012,Muktsar,Cotton,601,28.2,59,3.08
2013,Muktsar,Cotton,898,30.5,53,3.03
2014,Muktsar,Cotton,830,31.4,53,2.65
2015,Muktsar,Cotton,434,24.5,63,2.96
2016,Muktsar,Cotton,408,25.5,66,3.17
2017,Muktsar,Cotton,1025,31.2,65,2.72
2018,Muktsar,Cotton,826,29.5,64,2.65
2019,Muktsar,Cotton,1096,30.8,70,2.36
2020,Muktsar,Cotton,508,32.0,80,3.12
2021,Muktsar,Cotton,726,33.5,64,2.38
2022,Muktsar,Cotton,1068,33.8,83,3.29
2023,Muktsar,Cotton,873,34.2,80,2.34
2024,Muktsar,Cotton,466,27.3,84,2.49
2010,Muktsar,Maize,1072,25.9,70,2.94
2011,Muktsar,Maize,421,32.5,73,3.4
2012,Muktsar,Maize,464,28.0,85,3.44
2013,Muktsar,Maize,950,33.2,70,3.12
2014,Muktsar,Maize,1087,28.2,52,3.09
2015,Muktsar,Maize,711,32.5,65,3.22
2016,Muktsar,Maize,530,28.4,63,2.76
2017,Muktsar,Maize,559,34.3,82,3.11
2018,Muktsar,Maize,670,30.1,75,3.2
2019,Muktsar,Maize,819,35.0,81,2.64
2020,Muktsar,Maize,889,24.4,80,2.64
2021,Muktsar,Maize,678,33.1,56,3.49
2022,Muktsar,Maize,799,27.4,66,2.52
2023,Muktsar,Maize,403,32.8,77,3.19
2024,Muktsar,Maize,727,31.2,65,2.69
2010,Muktsar,Sugarcane,1017,26.0,79,5.69
2011,Muktsar,Sugarcane,528,25.4,85,6.24
2012,Muktsar,Sugarcane,691,27.5,70,5.67
2013,Muktsar,Sugarcane,758,26.9,85,5.94
2014,Muktsar,Sugarcane,463,30.5,65,5.64
2015,Muktsar,Sugarcane,524,24.4,53,6.17
2016,Muktsar,Sugarcane,888,24.1,74,6.2
2017,Muktsar,Sugarcane,420,25.7,81,6.09
2018,Muktsar,Sugarcane,810,25.2,55,5.72
2019,Muktsar,Sugarcane,1060,28.5,85,5.81
2020,Muktsar,Sugarcane,669,30.2,70,6.16
2021,Muktsar,Sugarcane,504,31.6,78,5.66
2022,Muktsar,Sugarcane,586,34.4,73,5.81
2023,Muktsar,Sugarcane,731,28.7,58,6.15
2024,Muktsar,Sugarcane,647,32.6,60,5.7
2010,Muktsar,Mustard,1055,26.0,80,1.86
2011,Muktsar,Mustard,562,33.2,68,1.56
2012,Muktsar,Mustard,431,34.1,55,1.69
2013,Muktsar,Mustard,462,30.9,70,2.24
2014,Muktsar,Mustard,501,24.7,78,1.54
2015,Muktsar,Mustard,839,25.1,68,2.13
2016,Muktsar,Mustard,651,32.1,65,2.03
2017,Muktsar,Mustard,718,26.9,78,1.99
2018,Muktsar,Mustard,1002,34.7,56,2.2
2019,Muktsar,Mustard,603,25.6,75,1.54
2020,Muktsar,Mustard,633,34.0,53,2.0
2021,Muktsar,Mustard,647,24.6,78,2.31
2022,Muktsar,Mustard,499,30.9,66,2.0
2023,Muktsar,Mustard,408,30.6,50,2.11
2024,Muktsar,Mustard,966,27.7,74,2.22
2010,Muktsar,Potato,577,33.6,63,5.4
2011,Muktsar,Potato,739,33.5,75,5.47
2012,Muktsar,Potato,604,24.9,80,5.43
2013,Muktsar,Potato,887,28.1,52,4.7
2014,Muktsar,Potato,478,30.0,64,5.44
2015,Muktsar,Potato,465,24.0,76,4.7
2016,Muktsar,Potato,758,33.5,75,4.6
2017,Muktsar,Potato,1097,26.8,78,5.31
2018,Muktsar,Potato,533,25.7,59,5.27
2019,Muktsar,Potato,774,27.8,84,4.63
2020,Muktsar,Potato,1069,28.2,55,4.89
2021,Muktsar,Potato,991,24.2,66,4.79
2022,Muktsar,Potato,867,28.1,80,4.8
2023,Muktsar,Potato,902,27.7,60,4.75
2024,Muktsar,Potato,643,33.4,54,5.09
2010,Muktsar,Bajra,873,32.5,80,2.21
2011,Muktsar,Bajra,640,34.9,55,1.74
2012,Muktsar,Bajra,894,30.2,61,2.33
2013,Muktsar,Bajra,930,29.6,64,1.94
2014,Muktsar,Bajra,900,29.5,65,2.33
2015,Muktsar,Bajra,925,27.3,80,2.5
2016,Muktsar,Bajra,813,33.6,78,2.65
2017,Muktsar,Bajra,602,34.5,64,2.13
2018,Muktsar,Bajra,588,34.6,72,2.33
2019,Muktsar,Bajra,769,26.2,59,2.1
2020,Muktsar,Bajra,744,32.1,69,2.1
2021,Muktsar,Bajra,922,34.4,75,2.21
2022,Muktsar,Bajra,803,28.2,76,2.18
2023,Muktsar,Bajra,746,34.9,60,1.88
2024,Muktsar,Bajra,475,31.8,66,2.24
2010,Muktsar,Gram,884,26.9,68,1.38
2011,Muktsar,Gram,819,34.4,66,2.11
2012,Muktsar,Gram,846,29.7,82,2.18
2013,Muktsar,Gram,822,33.0,63,1.4
2014,Muktsar,Gram,866,32.3,77,2.01
2015,Muktsar,Gram,826,30.3,82,1.47
2016,Muktsar,Gram,1034,34.6,54,1.82
2017,Muktsar,Gram,545,33.5,80,1.52
2018,Muktsar,Gram,932,27.9,82,2.07
2019,Muktsar,Gram,616,25.5,67,2.03
2020,Muktsar,Gram,516,25.9,54,1.33
2021,Muktsar,Gram,638,34.7,80,1.34
2022,Muktsar,Gram,806,27.8,61,2.24
2023,Muktsar,Gram,691,29.4,82,1.43
2024,Muktsar,Gram,739,28.7,61,2.01
2010,Muktsar,Sunflower,867,26.6,84,2.21
2011,Muktsar,Sunflower,694,28.4,71,2.59
2012,Muktsar,Sunflower,888,26.4,81,2.1
2013,Muktsar,Sunflower,572,34.1,73,2.47
2014,Muktsar,Sunflower,682,28.0,70,2.05
2015,Muktsar,Sunflower,498,27.5,85,2.23
2016,Muktsar,Sunflower,646,28.3,73,2.39
2017,Muktsar,Sunflower,437,28.9,77,2.11
2018,Muktsar,Sunflower,631,25.2,83,2.41
2019,Muktsar,Sunflower,1094,29.3,78,2.26
2020,Muktsar,Sunflower,880,28.4,65,1.96
2021,Muktsar,Sunflower,1022,27.7,77,2.53
2022,Muktsar,Sunflower,975,26.5,83,2.34
2023,Muktsar,Sunflower,1024,32.7,62,2.19
2024,Muktsar,Sunflower,755,32.4,56,2.49
2010,Barnala,Wheat,989,28.2,74,3.85
2011,Barnala,Wheat,680,27.2,81,3.43
2012,Barnala,Wheat,1100,34.2,67,3.35
2013,Barnala,Wheat,403,25.8,84,3.86
2014,Barnala,Wheat,477,28.4,83,3.38
2015,Barnala,Wheat,565,34.8,53,3.58
2016,Barnala,Wheat,714,24.6,78,3.83
2017,Barnala,Wheat,919,24.4,74,3.95
2018,Barnala,Wheat,904,33.7,58,3.54
2019,Barnala,Wheat,429,29.0,76,3.11
2020,Barnala,Wheat,780,29.0,61,3.31
2021,Barnala,Wheat,414,34.7,50,3.81
2022,Barnala,Wheat,1025,27.9,58,3.02
2023,Barnala,Wheat,742,30.2,84,3.76
2024,Barnala,Wheat,840,27.5,54,3.44
2010,Barnala,Rice,405,29.9,80,4.14
2011,Barnala,Rice,579,29.4,83,4.37
2012,Barnala,Rice,920,28.3,53,4.47
2013,Barnala,Rice,910,26.0,57,4.13
2014,Barnala,Rice,646,26.8,77,4.28
2015,Barnala,Rice,467,26.0,66,4.71
2016,Barnala,Rice,1026,24.9,77,4.29
2017,Barnala,Rice,993,34.3,50,4.5
2018,Barnala,Rice,714,27.9,84,4.71
2019,Barnala,Rice,903,27.1,61,4.64
2020,Barnala,Rice,987,31.1,85,4.07
2021,Barnala,Rice,873,34.1,64,4.08
2022,Barnala,Rice,913,34.6,63,4.99
2023,Barnala,Rice,785,31.5,85,4.28
2024,Barnala,Rice,887,27.5,85,4.61
2010,Barnala,Cotton,828,28.3,85,2.9
2011,Barnala,Cotton,882,31.1,81,2.62
2012,Barnala,Cotton,982,31.3,50,2.82
2013,Barnala,Cotton,418,24.4,81,2.47
2014,Barnala,Cotton,995,24.9,81,3.14
2015,Barnala,Cotton,805,33.8,72,3.11
2016,Barnala,Cotton,854,33.5,51,2.46
2017,Barnala,Cotton,561,30.1,53,2.68
2018,Barnala,Cotton,1022,25.7,75,2.43
2019,Barnala,Cotton,854,25.4,61,2.6
2020,Barnala,Cotton,622,27.9,84,2.94
2021,Barnala,Cotton,811,24.8,52,2.47
2022,Barnala,Cotton,857,25.3,80,2.85
2023,Barnala,Cotton,614,32.9,58,3.03
2024,Barnala,Cotton,591,26.1,69,2.99
2010,Barnala,Maize,453,30.8,58,2.68
2011,Barnala,Maize,439,27.8,78,3.23
2012,Barnala,Maize,695,28.7,85,2.54
2013,Barnala,Maize,1069,29.1,80,2.52
2014,Barnala,Maize,883,27.8,79,3.37
2015,Barnala,Maize,452,28.8,76,3.48
2016,Barnala,Maize,442,30.3,79,2.67
2017,Barnala,Maize,1069,34.2,72,3.0
2018,Barnala,Maize,1053,31.1,81,3.36
2019,Barnala,Maize,1074,30.9,72,3.25
2020,Barnala,Maize,719,27.1,68,3.34
2021,Barnala,Maize,730,25.7,73,2.96
2022,Barnala,Maize,1058,28.2,79,2.9
2023,Barnala,Maize,507,28.0,66,2.54
2024,Barnala,Maize,713,29.2,51,3.41
2010,Barnala,Sugarcane,885,34.0,69,5.75
2011,Barnala,Sugarcane,643,33.2,75,6.3
2012,Barnala,Sugarcane,1000,32.7,73,5.57
2013,Barnala,Sugarcane,1086,28.5,50,6.49
2014,Barnala,Sugarcane,1024,25.4,55,5.59
2015,Barnala,Sugarcane,926,33.7,73,6.25
2016,Barnala,Sugarcane,515,33.3,55,5.88
2017,Barnala,Sugarcane,1092,26.9,68,6.37
2018,Barnala,Sugarcane,812,35.0,71,6.45
2019,Barnala,Sugarcane,421,29.0,78,6.39
2020,Barnala,Sugarcane,1056,31.5,75,5.51
2021,Barnala,Sugarcane,848,30.7,51,6.12
2022,Barnala,Sugarcane,1030,33.9,56,5.57
2023,Barnala,Sugarcane,671,28.1,55,5.67
2024,Barnala,Sugarcane,635,31.5,71,6.16
2010,Barnala,Mustard,441,29.1,85,2.08
2011,Barnala,Mustard,466,30.8,53,1.99
2012,Barnala,Mustard,735,30.7,77,2.24
2013,Barnala,Mustard,656,30.5,58,2.3
2014,Barnala,Mustard,577,29.2,55,1.81
2015,Barnala,Mustard,899,34.0,73,2.04
2016,Barnala,Mustard,1016,30.9,64,1.67
2017,Barnala,Mustard,660,32.4,83,2.18
2018,Barnala,Mustard,1044,26.0,55,2.4
2019,Barnala,Mustard,422,33.4,69,2.44
2020,Barnala,Mustard,417,33.9,85,2.33
2021,Barnala,Mustard,606,27.7,75,2.0
2022,Barnala,Mustard,759,30.6,80,1.88
2023,Barnala,Mustard,829,30.1,81,1.58
2024,Barnala,Mustard,727,31.6,62,2.16
2010,Barnala,Potato,678,28.8,64,4.69
2011,Barnala,Potato,559,30.2,59,4.67
2012,Barnala,Potato,1039,33.2,80,4.59
2013,Barnala,Potato,1042,33.1,61,5.42
2014,Barnala,Potato,843,28.6,52,5.33
2015,Barnala,Potato,421,26.8,73,5.36
2016,Barnala,Potato,964,34.3,79,5.11
2017,Barnala,Potato,966,27.0,64,4.77
2018,Barnala,Potato,886,30.7,56,5.48
2019,Barnala,Potato,802,32.8,83,5.26
2020,Barnala,Potato,595,33.4,53,5.33
2021,Barnala,Potato,753,26.9,54,5.35
2022,Barnala,Potato,729,25.2,69,4.86
2023,Barnala,Potato,590,30.3,64,5.18
2024,Barnala,Potato,537,32.7,55,5.13
2010,Barnala,Bajra,786,25.8,83,1.82
2011,Barnala,Bajra,613,30.4,81,2.65
2012,Barnala,Bajra,416,31.3,58,2.35
2013,Barnala,Bajra,1089,32.4,50,2.53
2014,Barnala,Bajra,526,33.8,68,2.4
2015,Barnala,Bajra,1089,25.2,74,2.41
2016,Barnala,Bajra,1051,33.0,66,2.15
2017,Barnala,Bajra,528,29.9,69,2.34
2018,Barnala,Bajra,425,28.6,72,2.44
2019,Barnala,Bajra,771,25.7,84,2.49
2020,Barnala,Bajra,684,31.7,75,1.82
2021,Barnala,Bajra,876,30.5,74,2.1
2022,Barnala,Bajra,585,27.1,70,2.68
2023,Barnala,Bajra,984,24.7,82,1.74
2024,Barnala,Bajra,442,30.1,72,1.81
2010,Barnala,Gram,1033,24.9,80,2.26
2011,Barnala,Gram,952,26.8,57,1.35
2012,Barnala,Gram,536,28.0,79,1.96
2013,Barnala,Gram,944,24.9,50,1.95
2014,Barnala,Gram,953,34.5,66,2.12
2015,Barnala,Gram,923,32.0,51,2.15
2016,Barnala,Gram,596,28.5,71,1.7
2017,Barnala,Gram,982,29.0,61,1.42
2018,Barnala,Gram,609,32.7,50,2.26
2019,Barnala,Gram,1091,28.1,75,1.85
2020,Barnala,Gram,962,29.6,62,2.17
2021,Barnala,Gram,470,32.2,50,2.03
2022,Barnala,Gram,1060,31.2,50,1.5
2023,Barnala,Gram,715,32.1,77,1.94
2024,Barnala,Gram,904,32.1,79,1.43
2010,Barnala,Sunflower,426,25.8,81,2.74
2011,Barnala,Sunflower,530,26.7,84,2.58
2012,Barnala,Sunflower,527,26.8,58,2.8
2013,Barnala,Sunflower,758,26.7,55,2.65
2014,Barnala,Sunflower,619,28.2,63,2.07
2015,Barnala,Sunflower,921,27.8,74,2.15
2016,Barnala,Sunflower,707,28.5,58,2.0
2017,Barnala,Sunflower,499,32.8,80,2.42
2018,Barnala,Sunflower,836,26.0,72,2.4
2019,Barnala,Sunflower,970,32.4,63,2.44
2020,Barnala,Sunflower,545,25.2,68,2.19
2021,Barnala,Sunflower,854,25.2,68,2.72
2022,Barnala,Sunflower,993,28.4,58,2.77
2023,Barnala,Sunflower,938,29.9,67,2.14
2024,Barnala,Sunflower,754,28.6,63,2.7
2010,Fatehgarh Sahib,Wheat,414,24.4,73,3.82
2011,Fatehgarh Sahib,Wheat,971,34.1,69,3.47
2012,Fatehgarh Sahib,Wheat,1019,30.7,69,3.33
2013,Fatehgarh Sahib,Wheat,1086,26.9,66,3.43
2014,Fatehgarh Sahib,Wheat,703,26.9,65,3.14
2015,Fatehgarh Sahib,Wheat,713,27.7,55,3.39
2016,Fatehgarh Sahib,Wheat,684,24.1,84,3.2
2017,Fatehgarh Sahib,Wheat,1001,26.4,71,3.66
2018,Fatehgarh Sahib,Wheat,525,34.9,79,3.97
2019,Fatehgarh Sahib,Wheat,763,27.4,63,3.92
2020,Fatehgarh Sahib,Wheat,912,24.7,56,3.59
2021,Fatehgarh Sahib,Wheat,501,27.3,65,3.35
2022,Fatehgarh Sahib,Wheat,1094,28.8,61,3.12
2023,Fatehgarh Sahib,Wheat,892,24.8,73,3.54
2024,Fatehgarh Sahib,Wheat,541,31.6,66,3.84
2010,Fatehgarh Sahib,Rice,721,27.1,83,4.51
2011,Fatehgarh Sahib,Rice,841,33.7,60,4.43
2012,Fatehgarh Sahib,Rice,932,29.0,59,4.98
2013,Fatehgarh Sahib,Rice,492,32.6,78,4.7
2014,Fatehgarh Sahib,Rice,915,31.9,59,4.25
2015,Fatehgarh Sahib,Rice,914,32.5,77,4.01
2016,Fatehgarh Sahib,Rice,627,27.2,59,4.21
2017,Fatehgarh Sahib,Rice,628,32.8,69,4.94
2018,Fatehgarh Sahib,Rice,1007,33.8,68,4.98
2019,Fatehgarh Sahib,Rice,1072,28.2,65,4.92
2020,Fatehgarh Sahib,Rice,974,28.2,78,4.76
2021,Fatehgarh Sahib,Rice,679,26.8,77,4.51
2022,Fatehgarh Sahib,Rice,614,31.8,59,4.18
2023,Fatehgarh Sahib,Rice,670,29.5,50,4.31
2024,Fatehgarh Sahib,Rice,628,29.4,63,4.55
2010,Fatehgarh Sahib,Cotton,864,27.2,63,3.16
2011,Fatehgarh Sahib,Cotton,963,32.3,72,2.87
2012,Fatehgarh Sahib,Cotton,598,30.2,55,3.28
2013,Fatehgarh Sahib,Cotton,969,28.0,79,3.02
2014,Fatehgarh Sahib,Cotton,880,33.9,62,3.21
2015,Fatehgarh Sahib,Cotton,480,30.3,50,2.39
2016,Fatehgarh Sahib,Cotton,742,24.9,61,3.09
2017,Fatehgarh Sahib,Cotton,667,33.7,68,2.7
2018,Fatehgarh Sahib,Cotton,553,24.7,75,2.42
2019,Fatehgarh Sahib,Cotton,915,24.3,77,3.0
2020,Fatehgarh Sahib,Cotton,756,33.2,71,3.15
2021,Fatehgarh Sahib,Cotton,558,24.8,74,3.17
2022,Fatehgarh Sahib,Cotton,632,33.8,77,2.69
2023,Fatehgarh Sahib,Cotton,1065,27.1,67,2.84
2024,Fatehgarh Sahib,Cotton,428,27.5,75,2.95
2010,Fatehgarh Sahib,Maize,794,32.5,62,3.25
2011,Fatehgarh Sahib,Maize,755,28.3,71,2.6
2012,Fatehgarh Sahib,Maize,677,31.9,58,3.17
2013,Fatehgarh Sahib,Maize,645,33.1,74,3.17
2014,Fatehgarh Sahib,Maize,671,24.9,50,3.35
2015,Fatehgarh Sahib,Maize,897,29.6,55,3.44
2016,Fatehgarh Sahib,Maize,915,31.0,59,3.3
2017,Fatehgarh Sahib,Maize,429,25.2,82,2.6
2018,Fatehgarh Sahib,Maize,1089,26.8,63,2.82
2019,Fatehgarh Sahib,Maize,846,26.4,69,3.09
2020,Fatehgarh Sahib,Maize,936,24.6,70,3.47
2021,Fatehgarh Sahib,Maize,565,34.2,78,2.57
2022,Fatehgarh Sahib,Maize,923,27.8,69,2.96
2023,Fatehgarh Sahib,Maize,857,31.2,85,3.46
2024,Fatehgarh Sahib,Maize,959,26.6,81,3.01
2010,Fatehgarh Sahib,Sugarcane,811,26.5,78,6.23
2011,Fatehgarh Sahib,Sugarcane,985,27.5,77,5.87
2012,Fatehgarh Sahib,Sugarcane,640,24.9,57,6.34
2013,Fatehgarh Sahib,Sugarcane,506,33.2,72,5.58
2014,Fatehgarh Sahib,Sugarcane,931,30.4,61,5.5
2015,Fatehgarh Sahib,Sugarcane,816,28.2,70,5.77
2016,Fatehgarh Sahib,Sugarcane,903,25.8,78,5.91
2017,Fatehgarh Sahib,Sugarcane,527,27.7,57,6.17
2018,Fatehgarh Sahib,Sugarcane,828,33.8,80,6.36
2019,Fatehgarh Sahib,Sugarcane,788,33.1,75,6.25
2020,Fatehgarh Sahib,Sugarcane,497,28.3,56,5.79
2021,Fatehgarh Sahib,Sugarcane,831,33.8,64,5.77
2022,Fatehgarh Sahib,Sugarcane,819,28.8,66,5.63
2023,Fatehgarh Sahib,Sugarcane,1005,33.1,71,6.08
2024,Fatehgarh Sahib,Sugarcane,612,30.5,55,5.91
2010,Fatehgarh Sahib,Mustard,456,30.5,50,1.57
2011,Fatehgarh Sahib,Mustard,1036,28.1,61,2.42
2012,Fatehgarh Sahib,Mustard,626,25.0,60,1.92
2013,Fatehgarh Sahib,Mustard,625,32.5,77,2.33
2014,Fatehgarh Sahib,Mustard,854,31.7,53,1.67
2015,Fatehgarh Sahib,Mustard,703,34.7,57,2.14
2016,Fatehgarh Sahib,Mustard,847,24.3,55,1.75
2017,Fatehgarh Sahib,Mustard,1011,25.2,77,1.56
2018,Fatehgarh Sahib,Mustard,585,33.1,66,2.43
2019,Fatehgarh Sahib,Mustard,848,24.9,67,2.24
2020,Fatehgarh Sahib,Mustard,961,26.5,64,2.02
2021,Fatehgarh Sahib,Mustard,441,24.4,73,1.85
2022,Fatehgarh Sahib,Mustard,510,33.7,72,1.89
2023,Fatehgarh Sahib,Mustard,791,26.5,81,1.71
2024,Fatehgarh Sahib,Mustard,631,30.3,84,1.83
2010,Fatehgarh Sahib,Potato,557,27.2,58,4.72
2011,Fatehgarh Sahib,Potato,795,27.3,72,5.38
2012,Fatehgarh Sahib,Potato,753,25.1,72,5.13
2013,Fatehgarh Sahib,Potato,1054,28.0,80,4.97
2014,Fatehgarh Sahib,Potato,648,29.6,72,4.99
2015,Fatehgarh Sahib,Potato,896,27.6,67,4.74
2016,Fatehgarh Sahib,Potato,1072,28.7,64,4.78
2017,Fatehgarh Sahib,Potato,712,24.3,74,5.4
2018,Fatehgarh Sahib,Potato,621,28.5,82,4.87
2019,Fatehgarh Sahib,Potato,759,30.1,56,5.24
2020,Fatehgarh Sahib,Potato,983,25.5,55,4.54
2021,Fatehgarh Sahib,Potato,879,27.9,81,5.25
2022,Fatehgarh Sahib,Potato,474,27.4,71,5.42
2023,Fatehgarh Sahib,Potato,414,31.9,54,4.68
2024,Fatehgarh Sahib,Potato,800,27.5,60,5.36
2010,Fatehgarh Sahib,Bajra,835,33.9,79,2.25
2011,Fatehgarh Sahib,Bajra,1091,26.5,77,1.91
2012,Fatehgarh Sahib,Bajra,952,24.6,61,2.6
2013,Fatehgarh Sahib,Bajra,766,33.3,71,1.9
2014,Fatehgarh Sahib,Bajra,1084,33.1,61,2.06
2015,Fatehgarh Sahib,Bajra,497,32.4,59,1.85
2016,Fatehgarh Sahib,Bajra,777,24.8,66,2.7
2017,Fatehgarh Sahib,Bajra,1014,31.1,67,1.89
2018,Fatehgarh Sahib,Bajra,1033,27.3,68,1.81
2019,Fatehgarh Sahib,Bajra,829,24.4,84,2.61
2020,Fatehgarh Sahib,Bajra,867,31.6,61,2.09
2021,Fatehgarh Sahib,Bajra,750,29.6,62,2.29
2022,Fatehgarh Sahib,Bajra,803,30.5,58,2.62
2023,Fatehgarh Sahib,Bajra,412,26.0,72,1.92
2024,Fatehgarh Sahib,Bajra,865,32.6,80,2.35
2010,Fatehgarh Sahib,Gram,879,32.9,57,1.3
2011,Fatehgarh Sahib,Gram,1027,34.4,60,1.48
2012,Fatehgarh Sahib,Gram,874,25.4,78,1.81
2013,Fatehgarh Sahib,Gram,666,32.5,64,2.26
2014,Fatehgarh Sahib,Gram,1025,29.6,79,1.84
2015,Fatehgarh Sahib,Gram,975,29.1,76,1.66
2016,Fatehgarh Sahib,Gram,516,30.1,69,1.47
2017,Fatehgarh Sahib,Gram,492,32.9,65,2.07
2018,Fatehgarh Sahib,Gram,875,29.9,64,1.72
2019,Fatehgarh Sahib,Gram,675,28.5,62,1.68
2020,Fatehgarh Sahib,Gram,701,32.3,61,1.8
2021,Fatehgarh Sahib,Gram,861,33.9,76,1.96
2022,Fatehgarh Sahib,Gram,958,33.1,76,2.22
2023,Fatehgarh Sahib,Gram,560,27.8,66,1.86
2024,Fatehgarh Sahib,Gram,520,28.5,64,1.79
2010,Fatehgarh Sahib,Sunflower,1092,34.3,64,2.68
2011,Fatehgarh Sahib,Sunflower,957,27.5,56,2.03
2012,Fatehgarh Sahib,Sunflower,790,26.9,82,2.57
2013,Fatehgarh Sahib,Sunflower,579,33.6,57,2.79
2014,Fatehgarh Sahib,Sunflower,978,32.9,68,2.03
2015,Fatehgarh Sahib,Sunflower,935,32.3,81,2.4
2016,Fatehgarh Sahib,Sunflower,811,24.7,62,2.7
2017,Fatehgarh Sahib,Sunflower,700,33.1,54,2.65
2018,Fatehgarh Sahib,Sunflower,672,29.9,56,2.48
2019,Fatehgarh Sahib,Sunflower,723,34.5,70,2.49
2020,Fatehgarh Sahib,Sunflower,1073,25.4,82,2.18
2021,Fatehgarh Sahib,Sunflower,738,33.3,79,1.82
2022,Fatehgarh Sahib,Sunflower,705,32.1,76,2.17
2023,Fatehgarh Sahib,Sunflower,693,24.2,56,2.72
2024,Fatehgarh Sahib,Sunflower,977,29.8,81,2.0
2010,Rupnagar,Wheat,925,33.6,72,3.51
2011,Rupnagar,Wheat,952,30.0,75,3.96
2012,Rupnagar,Wheat,500,32.5,55,3.48
2013,Rupnagar,Wheat,532,34.3,81,3.04
2014,Rupnagar,Wheat,847,30.9,71,3.37
2015,Rupnagar,Wheat,663,25.6,64,3.44
2016,Rupnagar,Wheat,808,27.0,79,3.15
2017,Rupnagar,Wheat,779,28.7,64,3.59
2018,Rupnagar,Wheat,988,27.0,70,3.94
2019,Rupnagar,Wheat,581,32.3,85,3.04
2020,Rupnagar,Wheat,446,24.3,81,3.57
2021,Rupnagar,Wheat,648,26.5,73,3.87
2022,Rupnagar,Wheat,567,27.2,51,3.87
2023,Rupnagar,Wheat,623,24.1,71,3.48
2024,Rupnagar,Wheat,705,25.5,85,3.72
2010,Rupnagar,Rice,1024,33.4,81,4.25
2011,Rupnagar,Rice,1070,30.1,62,4.17
2012,Rupnagar,Rice,504,25.9,74,4.42
2013,Rupnagar,Rice,1089,34.8,53,4.76
2014,Rupnagar,Rice,592,31.4,83,4.5
2015,Rupnagar,Rice,845,28.9,71,4.82
2016,Rupnagar,Rice,904,27.2,82,4.39
2017,Rupnagar,Rice,861,25.3,70,4.12
2018,Rupnagar,Rice,427,33.9,63,4.83
2019,Rupnagar,Rice,810,25.4,76,4.5
2020,Rupnagar,Rice,850,32.3,84,4.85
2021,Rupnagar,Rice,580,31.2,83,4.62
2022,Rupnagar,Rice,1035,26.5,76,4.45
2023,Rupnagar,Rice,974,29.4,68,4.58
2024,Rupnagar,Rice,758,34.7,75,4.13
2010,Rupnagar,Cotton,538,27.6,64,3.09
2011,Rupnagar,Cotton,1075,32.8,54,3.15
2012,Rupnagar,Cotton,732,34.0,83,3.18
2013,Rupnagar,Cotton,959,26.1,85,2.74
2014,Rupnagar,Cotton,404,34.7,68,2.83
2015,Rupnagar,Cotton,962,25.0,76,3.1
2016,Rupnagar,Cotton,644,30.3,79,2.64
2017,Rupnagar,Cotton,864,28.9,72,2.99
2018,Rupnagar,Cotton,1065,25.0,80,2.74
2019,Rupnagar,Cotton,816,25.2,81,2.46
2020,Rupnagar,Cotton,686,26.2,60,3.01
2021,Rupnagar,Cotton,415,25.9,69,2.88
2022,Rupnagar,Cotton,576,24.5,75,3.2
2023,Rupnagar,Cotton,631,25.9,83,3.11
2024,Rupnagar,Cotton,417,26.2,60,3.12
2010,Rupnagar,Maize,512,30.4,83,3.08
2011,Rupnagar,Maize,842,29.7,74,3.35
2012,Rupnagar,Maize,889,29.6,52,2.79
2013,Rupnagar,Maize,440,31.4,69,3.11
2014,Rupnagar,Maize,700,28.8,56,3.3
2015,Rupnagar,Maize,639,24.0,72,2.54
2016,Rupnagar,Maize,579,30.1,85,3.14
2017,Rupnagar,Maize,708,33.1,85,3.11
2018,Rupnagar,Maize,713,24.3,68,2.74
2019,Rupnagar,Maize,1036,24.2,85,3.21
2020,Rupnagar,Maize,498,24.9,54,3.01
2021,Rupnagar,Maize,591,24.5,83,2.51
2022,Rupnagar,Maize,578,34.0,64,3.34
2023,Rupnagar,Maize,1000,29.9,56,3.0
2024,Rupnagar,Maize,711,34.2,73,2.94
2010,Rupnagar,Sugarcane,887,24.3,52,5.83
2011,Rupnagar,Sugarcane,974,26.0,80,5.54
2012,Rupnagar,Sugarcane,960,31.4,75,6.4
2013,Rupnagar,Sugarcane,1082,33.6,50,6.39
2014,Rupnagar,Sugarcane,418,33.6,69,5.86
2015,Rupnagar,Sugarcane,938,25.7,60,5.66
2016,Rupnagar,Sugarcane,859,31.6,53,5.68
2017,Rupnagar,Sugarcane,996,28.6,82,6.35
2018,Rupnagar,Sugarcane,518,31.0,64,6.48
2019,Rupnagar,Sugarcane,942,30.1,54,6.35
2020,Rupnagar,Sugarcane,643,25.9,67,5.73
2021,Rupnagar,Sugarcane,1094,26.0,65,5.85
2022,Rupnagar,Sugarcane,540,24.5,55,6.43
2023,Rupnagar,Sugarcane,1076,34.6,57,6.08
2024,Rupnagar,Sugarcane,420,34.2,57,5.84
2010,Rupnagar,Mustard,528,30.3,52,1.78
2011,Rupnagar,Mustard,877,26.6,82,1.94
2012,Rupnagar,Mustard,800,30.4,59,1.68
2013,Rupnagar,Mustard,566,34.0,61,2.45
2014,Rupnagar,Mustard,466,25.2,80,1.65
2015,Rupnagar,Mustard,1058,32.6,53,2.42
2016,Rupnagar,Mustard,769,31.3,78,2.23
2017,Rupnagar,Mustard,684,27.0,61,1.96
2018,Rupnagar,Mustard,726,29.7,50,2.2
2019,Rupnagar,Mustard,1024,24.6,67,2.48
2020,Rupnagar,Mustard,850,28.2,82,2.08
2021,Rupnagar,Mustard,441,34.9,64,2.17
2022,Rupnagar,Mustard,574,28.1,82,2.33
2023,Rupnagar,Mustard,670,27.4,73,1.65
2024,Rupnagar,Mustard,745,29.3,51,1.66
2010,Rupnagar,Potato,780,26.8,54,5.04
2011,Rupnagar,Potato,726,24.5,80,5.46
2012,Rupnagar,Potato,544,31.9,67,5.09
2013,Rupnagar,Potato,833,29.4,62,5.25
2014,Rupnagar,Potato,787,31.0,76,5.04
2015,Rupnagar,Potato,875,31.1,73,5.2
2016,Rupnagar,Potato,416,28.6,66,5.36
2017,Rupnagar,Potato,516,26.1,73,4.89
2018,Rupnagar,Potato,910,25.4,63,5.26
2019,Rupnagar,Potato,549,28.4,73,5.08
2020,Rupnagar,Potato,890,28.2,64,4.84
2021,Rupnagar,Potato,532,33.0,81,5.0
2022,Rupnagar,Potato,959,31.7,82,4.69
2023,Rupnagar,Potato,742,25.6,84,5.14
2024,Rupnagar,Potato,1006,29.2,71,4.59
2010,Rupnagar,Bajra,985,24.4,71,2.1
2011,Rupnagar,Bajra,402,25.0,60,2.25
2012,Rupnagar,Bajra,521,34.0,60,2.17
2013,Rupnagar,Bajra,730,25.2,51,2.08
2014,Rupnagar,Bajra,865,32.7,73,2.14
2015,Rupnagar,Bajra,422,32.9,72,2.03
2016,Rupnagar,Bajra,837,28.1,78,2.47
2017,Rupnagar,Bajra,694,29.8,63,1.93
2018,Rupnagar,Bajra,887,27.8,84,2.15
2019,Rupnagar,Bajra,706,33.5,62,1.73
2020,Rupnagar,Bajra,648,30.8,82,2.69
2021,Rupnagar,Bajra,473,33.7,64,2.61
2022,Rupnagar,Bajra,967,24.9,61,2.1
2023,Rupnagar,Bajra,492,33.6,75,1.81
2024,Rupnagar,Bajra,1012,34.3,61,2.49
2010,Rupnagar,Gram,434,25.2,60,2.09
2011,Rupnagar,Gram,496,27.8,79,2.09
2012,Rupnagar,Gram,490,34.1,51,2.0
2013,Rupnagar,Gram,589,33.0,62,2.06
2014,Rupnagar,Gram,521,28.0,71,1.54
2015,Rupnagar,Gram,631,28.8,79,1.37
2016,Rupnagar,Gram,606,26.2,62,1.51
2017,Rupnagar,Gram,589,24.4,76,1.54
2018,Rupnagar,Gram,553,31.3,73,2.27
2019,Rupnagar,Gram,666,27.6,59,2.25
2020,Rupnagar,Gram,556,31.4,57,2.08
2021,Rupnagar,Gram,694,25.1,54,1.33
2022,Rupnagar,Gram,746,30.3,73,1.91
2023,Rupnagar,Gram,452,25.2,55,1.63
2024,Rupnagar,Gram,473,24.0,56,2.11
2010,Rupnagar,Sunflower,794,32.6,69,2.54
2011,Rupnagar,Sunflower,921,26.4,68,2.04
2012,Rupnagar,Sunflower,1068,34.5,80,2.79
2013,Rupnagar,Sunflower,469,33.9,81,1.88
2014,Rupnagar,Sunflower,932,34.2,74,1.93
2015,Rupnagar,Sunflower,508,26.5,82,1.85
2016,Rupnagar,Sunflower,936,31.0,69,2.77
2017,Rupnagar,Sunflower,444,26.0,72,2.51
2018,Rupnagar,Sunflower,903,26.4,66,2.42
2019,Rupnagar,Sunflower,848,31.0,55,1.83
2020,Rupnagar,Sunflower,772,26.9,85,2.22
2021,Rupnagar,Sunflower,634,27.6,69,2.09
2022,Rupnagar,Sunflower,1053,26.4,80,2.27
2023,Rupnagar,Sunflower,791,29.1,81,2.54
2024,Rupnagar,Sunflower,815,26.1,85,2.72
2010,Mohali,Wheat,499,34.5,64,3.3
2011,Mohali,Wheat,504,31.7,52,3.05
2012,Mohali,Wheat,575,34.8,51,3.84
2013,Mohali,Wheat,1005,32.3,72,3.09
2014,Mohali,Wheat,958,27.9,81,3.62
2015,Mohali,Wheat,1026,25.7,64,3.3
2016,Mohali,Wheat,1041,32.4,83,3.91
2017,Mohali,Wheat,616,34.9,67,3.87
2018,Mohali,Wheat,861,29.4,72,3.73
2019,Mohali,Wheat,422,32.2,79,3.86
2020,Mohali,Wheat,1074,34.2,79,3.56
2021,Mohali,Wheat,990,32.8,59,3.01
2022,Mohali,Wheat,574,28.4,52,3.27
2023,Mohali,Wheat,724,24.2,54,3.85
2024,Mohali,Wheat,808,31.1,76,3.02
2010,Mohali,Rice,875,29.8,66,4.37
2011,Mohali,Rice,847,27.7,76,4.95
2012,Mohali,Rice,1084,34.0,83,4.98
2013,Mohali,Rice,491,26.8,80,4.04
2014,Mohali,Rice,900,28.7,58,4.42
2015,Mohali,Rice,426,31.4,78,4.05
2016,Mohali,Rice,801,32.9,76,4.93
2017,Mohali,Rice,401,31.7,72,4.13
2018,Mohali,Rice,562,31.5,83,4.47
2019,Mohali,Rice,810,29.7,73,4.7
2020,Mohali,Rice,792,24.5,52,4.13
2021,Mohali,Rice,1069,28.5,61,4.04
2022,Mohali,Rice,996,29.4,50,4.95
2023,Mohali,Rice,1066,34.9,71,4.32
2024,Mohali,Rice,601,26.8,70,4.8
2010,Mohali,Cotton,1003,26.2,75,2.43
2011,Mohali,Cotton,801,33.9,76,3.1
2012,Mohali,Cotton,1067,26.9,66,3.14
2013,Mohali,Cotton,441,32.5,62,2.94
2014,Mohali,Cotton,902,34.8,85,2.61
2015,Mohali,Cotton,410,27.4,62,2.94
2016,Mohali,Cotton,788,28.7,81,2.52
2017,Mohali,Cotton,883,27.3,80,3.29
2018,Mohali,Cotton,922,32.8,72,2.75
2019,Mohali,Cotton,933,24.8,67,2.7
2020,Mohali,Cotton,508,32.5,74,2.81
2021,Mohali,Cotton,580,32.2,51,2.64
2022,Mohali,Cotton,708,34.7,53,2.84
2023,Mohali,Cotton,969,32.0,72,2.42
2024,Mohali,Cotton,1026,28.3,68,2.84
2010,Mohali,Maize,759,33.3,59,3.22
2011,Mohali,Maize,994,31.6,84,2.7
2012,Mohali,Maize,759,29.5,54,2.8
2013,Mohali,Maize,795,30.8,56,3.4
2014,Mohali,Maize,602,30.6,67,3.44
2015,Mohali,Maize,708,29.2,81,2.97
2016,Mohali,Maize,568,30.7,64,2.91
2017,Mohali,Maize,495,34.9,51,2.88
2018,Mohali,Maize,909,30.2,66,3.49
2019,Mohali,Maize,665,24.9,55,3.26
2020,Mohali,Maize,517,30.6,85,2.55
2021,Mohali,Maize,740,34.1,50,2.85
2022,Mohali,Maize,967,34.9,60,2.51
2023,Mohali,Maize,658,33.3,68,3.27
2024,Mohali,Maize,819,26.0,71,3.01
2010,Mohali,Sugarcane,785,30.5,70,6.3
2011,Mohali,Sugarcane,586,28.8,60,5.55
2012,Mohali,Sugarcane,1037,29.7,53,5.63
2013,Mohali,Sugarcane,561,31.3,69,5.74
2014,Mohali,Sugarcane,626,24.9,50,5.6
2015,Mohali,Sugarcane,1062,35.0,71,5.72
2016,Mohali,Sugarcane,408,24.4,84,6.25
2017,Mohali,Sugarcane,1045,25.9,70,6.29
2018,Mohali,Sugarcane,875,25.9,69,6.43
2019,Mohali,Sugarcane,441,25.5,56,6.1
2020,Mohali,Sugarcane,795,34.0,81,5.55
2021,Mohali,Sugarcane,1045,31.5,68,6.4
2022,Mohali,Sugarcane,609,29.8,70,6.23
2023,Mohali,Sugarcane,911,26.1,55,6.09
2024,Mohali,Sugarcane,897,27.1,81,5.76
2010,Mohali,Mustard,780,24.8,76,2.05
2011,Mohali,Mustard,686,29.4,77,2.26
2012,Mohali,Mustard,1075,32.0,62,2.3
2013,Mohali,Mustard,803,25.5,61,1.96
2014,Mohali,Mustard,645,27.3,73,2.35
2015,Mohali,Mustard,638,28.6,65,1.63
2016,Mohali,Mustard,974,24.8,50,2.27
2017,Mohali,Mustard,686,33.0,80,2.44
2018,Mohali,Mustard,776,34.6,57,1.77
2019,Mohali,Mustard,871,26.7,57,2.0
2020,Mohali,Mustard,1033,29.8,57,2.46
2021,Mohali,Mustard,428,31.8,59,1.86
2022,Mohali,Mustard,944,29.6,85,2.32
2023,Mohali,Mustard,948,34.7,67,1.73
2024,Mohali,Mustard,409,33.1,81,1.76
2010,Mohali,Potato,938,24.2,85,5.27
2011,Mohali,Potato,613,26.0,62,5.44
2012,Mohali,Potato,630,30.0,56,4.59
2013,Mohali,Potato,726,25.8,69,4.75
2014,Mohali,Potato,572,29.1,67,5.27
2015,Mohali,Potato,643,31.4,84,4.91
2016,Mohali,Potato,542,28.9,76,4.91
2017,Mohali,Potato,794,25.4,76,4.62
2018,Mohali,Potato,835,26.8,64,4.5
2019,Mohali,Potato,983,30.6,76,4.86
2020,Mohali,Potato,629,29.4,82,4.74
2021,Mohali,Potato,1006,26.5,59,5.22
2022,Mohali,Potato,1056,32.4,54,5.04
2023,Mohali,Potato,826,25.5,69,4.95
2024,Mohali,Potato,1073,28.2,74,5.47
2010,Mohali,Bajra,909,28.6,75,2.13
2011,Mohali,Bajra,507,35.0,59,2.36
2012,Mohali,Bajra,974,25.9,68,1.96
2013,Mohali,Bajra,466,27.5,77,2.15
2014,Mohali,Bajra,751,32.6,53,1.88
2015,Mohali,Bajra,904,27.5,58,2.29
2016,Mohali,Bajra,466,29.3,80,1.91
2017,Mohali,Bajra,521,34.5,63,1.71
2018,Mohali,Bajra,630,33.0,81,2.4
2019,Mohali,Bajra,413,30.0,65,2.54
2020,Mohali,Bajra,569,32.1,67,1.92
2021,Mohali,Bajra,490,34.7,63,2.56
2022,Mohali,Bajra,1087,27.9,59,2.39
2023,Mohali,Bajra,1087,25.3,72,1.94
2024,Mohali,Bajra,432,26.2,72,2.25
2010,Mohali,Gram,476,32.8,73,1.96
2011,Mohali,Gram,1036,34.4,71,1.87
2012,Mohali,Gram,426,31.3,82,2.19
2013,Mohali,Gram,751,29.8,72,2.1
2014,Mohali,Gram,731,26.3,82,2.17
2015,Mohali,Gram,1002,30.1,71,2.18
2016,Mohali,Gram,865,29.0,51,1.75
2017,Mohali,Gram,602,28.5,78,1.88
2018,Mohali,Gram,881,26.8,77,1.55
2019,Mohali,Gram,578,27.2,53,1.8
2020,Mohali,Gram,933,29.7,56,2.3
2021,Mohali,Gram,997,31.4,64,1.83
2022,Mohali,Gram,1013,34.6,78,1.46
2023,Mohali,Gram,624,30.8,79,1.73
2024,Mohali,Gram,853,26.9,73,2.22
2010,Mohali,Sunflower,774,24.4,58,2.01
2011,Mohali,Sunflower,497,27.1,68,2.21
2012,Mohali,Sunflower,807,30.9,84,2.0
2013,Mohali,Sunflower,410,26.2,76,2.33
2014,Mohali,Sunflower,1055,32.8,82,1.88
2015,Mohali,Sunflower,476,26.2,61,2.15
2016,Mohali,Sunflower,842,34.0,59,2.2
2017,Mohali,Sunflower,915,31.9,60,2.29
2018,Mohali,Sunflower,404,24.8,80,2.17
2019,Mohali,Sunflower,794,25.3,61,2.12
2020,Mohali,Sunflower,848,24.6,67,2.67
2021,Mohali,Sunflower,690,30.1,81,2.46
2022,Mohali,Sunflower,1013,30.6,84,2.74
2023,Mohali,Sunflower,671,32.4,79,2.68
2024,Mohali,Sunflower,848,24.8,83,2.61
2010,Tarn Taran,Wheat,923,25.3,65,3.82
2011,Tarn Taran,Wheat,996,30.9,76,3.29
2012,Tarn Taran,Wheat,1095,29.4,73,3.24
2013,Tarn Taran,Wheat,870,25.2,66,3.07
2014,Tarn Taran,Wheat,751,30.2,50,3.77
2015,Tarn Taran,Wheat,823,26.0,62,3.02
2016,Tarn Taran,Wheat,958,30.3,77,3.48
2017,Tarn Taran,Wheat,625,26.7,67,3.86
2018,Tarn Taran,Wheat,849,29.9,66,3.17
2019,Tarn Taran,Wheat,430,28.2,62,3.63
2020,Tarn Taran,Wheat,905,32.2,77,3.55
2021,Tarn Taran,Wheat,603,28.9,65,3.69
2022,Tarn Taran,Wheat,1084,26.1,79,3.23
2023,Tarn Taran,Wheat,812,30.0,61,3.55
2024,Tarn Taran,Wheat,628,32.9,79,3.42
2010,Tarn Taran,Rice,440,29.1,57,4.86
2011,Tarn Taran,Rice,994,27.0,68,4.17
2012,Tarn Taran,Rice,719,25.3,59,4.54
2013,Tarn Taran,Rice,471,31.5,53,4.13
2014,Tarn Taran,Rice,467,30.7,69,4.47
2015,Tarn Taran,Rice,647,32.1,66,4.83
2016,Tarn Taran,Rice,802,32.7,71,4.3
2017,Tarn Taran,Rice,477,27.0,61,4.8
2018,Tarn Taran,Rice,441,26.0,82,4.16
2019,Tarn Taran,Rice,457,25.6,70,4.51
2020,Tarn Taran,Rice,620,29.3,58,4.37
2021,Tarn Taran,Rice,423,32.1,81,4.24
2022,Tarn Taran,Rice,947,33.6,70,4.12
2023,Tarn Taran,Rice,513,28.2,57,4.77
2024,Tarn Taran,Rice,580,27.4,60,4.43
2010,Tarn Taran,Cotton,988,34.0,73,2.54
2011,Tarn Taran,Cotton,735,25.1,63,3.12
2012,Tarn Taran,Cotton,1056,27.5,65,2.33
2013,Tarn Taran,Cotton,694,25.7,73,2.66
2014,Tarn Taran,Cotton,931,25.5,79,2.96
2015,Tarn Taran,Cotton,793,28.4,67,3.23
2016,Tarn Taran,Cotton,859,28.6,70,2.6
2017,Tarn Taran,Cotton,570,29.6,83,3.22
2018,Tarn Taran,Cotton,1096,30.3,66,2.96
2019,Tarn Taran,Cotton,465,32.1,82,2.68
2020,Tarn Taran,Cotton,895,32.3,52,3.08
2021,Tarn Taran,Cotton,661,24.2,65,2.78
2022,Tarn Taran,Cotton,651,25.6,76,3.25
2023,Tarn Taran,Cotton,865,26.7,60,3.21
2024,Tarn Taran,Cotton,1008,33.8,72,2.72
2010,Tarn Taran,Maize,484,34.4,71,3.11
2011,Tarn Taran,Maize,449,34.5,50,3.32
2012,Tarn Taran,Maize,723,30.3,62,3.13
2013,Tarn Taran,Maize,741,25.8,59,3.04
2014,Tarn Taran,Maize,767,29.0,77,2.61
2015,Tarn Taran,Maize,1008,26.3,71,3.32
2016,Tarn Taran,Maize,404,34.7,85,3.38
2017,Tarn Taran,Maize,520,28.6,80,3.38
2018,Tarn Taran,Maize,980,26.6,83,2.53
2019,Tarn Taran,Maize,863,32.5,50,2.55
2020,Tarn Taran,Maize,455,32.9,78,3.06
2021,Tarn Taran,Maize,923,32.6,65,2.87
2022,Tarn Taran,Maize,1089,31.2,82,2.58
2023,Tarn Taran,Maize,643,28.4,51,2.86
2024,Tarn Taran,Maize,924,27.2,52,2.72
2010,Tarn Taran,Sugarcane,654,24.4,71,5.7
2011,Tarn Taran,Sugarcane,689,25.7,63,5.89
2012,Tarn Taran,Sugarcane,409,31.8,83,5.75
2013,Tarn Taran,Sugarcane,528,29.1,70,5.82
2014,Tarn Taran,Sugarcane,877,26.4,62,5.67
2015,Tarn Taran,Sugarcane,744,27.0,62,5.51
2016,Tarn Taran,Sugarcane,1029,30.5,80,6.12
2017,Tarn Taran,Sugarcane,625,27.5,78,5.88
2018,Tarn Taran,Sugarcane,581,26.1,52,5.66
2019,Tarn Taran,Sugarcane,991,28.4,67,5.65
2020,Tarn Taran,Sugarcane,786,31.5,78,5.67
2021,Tarn Taran,Sugarcane,743,34.9,79,5.84
2022,Tarn Taran,Sugarcane,617,33.8,77,5.9
2023,Tarn Taran,Sugarcane,578,31.6,58,5.58
2024,Tarn Taran,Sugarcane,437,25.4,73,5.78
2010,Tarn Taran,Mustard,446,28.5,67,2.28
2011,Tarn Taran,Mustard,670,29.0,67,2.47
2012,Tarn Taran,Mustard,937,25.8,67,1.61
2013,Tarn Taran,Mustard,1072,28.9,79,1.59
2014,Tarn Taran,Mustard,542,27.9,83,2.45
2015,Tarn Taran,Mustard,1021,24.3,67,2.05
2016,Tarn Taran,Mustard,689,35.0,63,1.85
2017,Tarn Taran,Mustard,644,31.7,85,2.0
2018,Tarn Taran,Mustard,453,26.0,59,2.06
2019,Tarn Taran,Mustard,710,28.1,53,2.07
2020,Tarn Taran,Mustard,635,34.0,50,2.3
2021,Tarn Taran,Mustard,1055,34.5,50,1.89
2022,Tarn Taran,Mustard,737,30.4,59,1.6
2023,Tarn Taran,Mustard,527,28.6,65,1.62
2024,Tarn Taran,Mustard,423,29.8,71,1.88
2010,Tarn Taran,Potato,1097,34.0,75,4.69
2011,Tarn Taran,Potato,771,28.0,53,4.89
2012,Tarn Taran,Potato,919,27.6,53,5.44
2013,Tarn Taran,Potato,776,28.1,52,5.07
2014,Tarn Taran,Potato,1093,30.3,67,5.11
2015,Tarn Taran,Potato,812,30.9,68,5.41
2016,Tarn Taran,Potato,422,24.3,69,5.29
2017,Tarn Taran,Potato,542,24.3,72,5.44
2018,Tarn Taran,Potato,870,32.5,60,5.11
2019,Tarn Taran,Potato,674,34.6,84,4.57
2020,Tarn Taran,Potato,661,29.8,76,4.68
2021,Tarn Taran,Potato,1100,26.7,81,4.7
2022,Tarn Taran,Potato,983,31.2,66,4.8
2023,Tarn Taran,Potato,908,26.4,83,5.42
2024,Tarn Taran,Potato,408,30.0,71,4.89
2010,Tarn Taran,Bajra,657,34.8,82,2.55
2011,Tarn Taran,Bajra,896,24.3,51,2.58
2012,Tarn Taran,Bajra,766,32.7,51,1.88
2013,Tarn Taran,Bajra,1068,26.6,63,2.4
2014,Tarn Taran,Bajra,973,25.1,60,2.32
2015,Tarn Taran,Bajra,917,33.8,68,2.58
2016,Tarn Taran,Bajra,538,30.2,58,1.85
2017,Tarn Taran,Bajra,890,34.4,54,2.23
2018,Tarn Taran,Bajra,525,29.5,59,1.72
2019,Tarn Taran,Bajra,1008,28.0,55,2.43
2020,Tarn Taran,Bajra,913,27.9,79,1.81
2021,Tarn Taran,Bajra,872,27.9,56,2.47
2022,Tarn Taran,Bajra,817,32.4,54,2.54
2023,Tarn Taran,Bajra,432,31.3,58,2.48
2024,Tarn Taran,Bajra,978,30.2,65,2.45
2010,Tarn Taran,Gram,501,32.0,76,2.19
2011,Tarn Taran,Gram,599,24.2,73,2.09
2012,Tarn Taran,Gram,732,32.4,54,2.04
2013,Tarn Taran,Gram,941,24.2,52,1.53
2014,Tarn Taran,Gram,932,24.6,58,1.59
2015,Tarn Taran,Gram,798,31.3,73,1.88
2016,Tarn Taran,Gram,723,24.9,65,1.56
2017,Tarn Taran,Gram,1000,34.7,78,1.44
2018,Tarn Taran,Gram,731,25.8,61,1.34
2019,Tarn Taran,Gram,1060,25.8,76,1.32
2020,Tarn Taran,Gram,548,24.1,60,1.69
2021,Tarn Taran,Gram,487,32.9,66,2.1
2022,Tarn Taran,Gram,428,24.4,64,1.88
2023,Tarn Taran,Gram,682,30.3,51,2.07
2024,Tarn Taran,Gram,1077,30.7,79,1.48
2010,Tarn Taran,Sunflower,925,24.2,77,1.81
2011,Tarn Taran,Sunflower,769,28.8,56,1.9
2012,Tarn Taran,Sunflower,684,31.2,73,1.95
2013,Tarn Taran,Sunflower,1052,34.5,81,2.59
2014,Tarn Taran,Sunflower,809,25.0,58,2.28
2015,Tarn Taran,Sunflower,578,25.7,56,2.76
2016,Tarn Taran,Sunflower,623,33.5,70,1.81
2017,Tarn Taran,Sunflower,1084,29.0,57,2.48
2018,Tarn Taran,Sunflower,953,26.6,66,2.52
2019,Tarn Taran,Sunflower,740,27.9,54,2.71
2020,Tarn Taran,Sunflower,710,34.1,54,2.77
2021,Tarn Taran,Sunflower,745,32.8,69,2.44
2022,Tarn Taran,Sunflower,613,31.7,80,2.22
2023,Tarn Taran,Sunflower,417,25.0,84,2.2
2024,Tarn Taran,Sunflower,883,31.2,78,1.8
2010,Ferozepur,Wheat,765,30.9,61,3.16
2011,Ferozepur,Wheat,427,24.3,73,3.35
2012,Ferozepur,Wheat,517,31.6,61,3.76
2013,Ferozepur,Wheat,942,29.2,52,3.29
2014,Ferozepur,Wheat,905,29.7,70,3.85
2015,Ferozepur,Wheat,887,24.1,59,3.34
2016,Ferozepur,Wheat,412,29.6,84,3.94
2017,Ferozepur,Wheat,989,30.2,81,3.01
2018,Ferozepur,Wheat,437,27.0,58,3.11
2019,Ferozepur,Wheat,576,29.1,60,3.63
2020,Ferozepur,Wheat,965,33.9,70,3.1
2021,Ferozepur,Wheat,799,25.0,73,3.96
2022,Ferozepur,Wheat,740,30.3,67,3.46
2023,Ferozepur,Wheat,663,25.2,83,3.95
2024,Ferozepur,Wheat,955,27.9,75,3.3
2010,Ferozepur,Rice,744,24.3,81,4.68
2011,Ferozepur,Rice,999,27.3,82,4.64
2012,Ferozepur,Rice,769,24.2,78,4.32
2013,Ferozepur,Rice,476,32.4,79,4.54
2014,Ferozepur,Rice,572,24.6,64,4.7
2015,Ferozepur,Rice,625,34.0,69,4.02
2016,Ferozepur,Rice,654,24.1,54,4.13
2017,Ferozepur,Rice,921,26.6,53,4.23
2018,Ferozepur,Rice,942,24.4,51,4.68
2019,Ferozepur,Rice,579,27.9,71,4.3
2020,Ferozepur,Rice,935,26.4,73,4.08
2021,Ferozepur,Rice,694,34.3,77,4.88
2022,Ferozepur,Rice,593,27.5,70,4.33
2023,Ferozepur,Rice,940,25.9,81,4.75
2024,Ferozepur,Rice,810,33.1,68,4.31
2010,Ferozepur,Cotton,853,26.9,78,2.31
2011,Ferozepur,Cotton,897,24.8,66,3.29
2012,Ferozepur,Cotton,882,29.7,84,2.31
2013,Ferozepur,Cotton,892,24.2,54,2.69
2014,Ferozepur,Cotton,467,30.2,79,3.0
2015,Ferozepur,Cotton,974,27.6,80,3.19
2016,Ferozepur,Cotton,1025,32.2,60,3.02
2017,Ferozepur,Cotton,602,32.6,74,2.92
2018,Ferozepur,Cotton,733,27.0,63,3.28
2019,Ferozepur,Cotton,929,29.3,51,2.98
2020,Ferozepur,Cotton,506,25.1,62,2.9
2021,Ferozepur,Cotton,583,33.3,78,2.87
2022,Ferozepur,Cotton,946,26.9,67,2.45
2023,Ferozepur,Cotton,1069,28.8,56,3.06
2024,Ferozepur,Cotton,1085,26.4,84,3.16
2010,Ferozepur,Maize,831,28.9,52,2.76
2011,Ferozepur,Maize,573,25.2,58,2.75
2012,Ferozepur,Maize,663,34.8,65,3.1
2013,Ferozepur,Maize,794,29.5,66,3.08
2014,Ferozepur,Maize,455,26.4,81,3.13
2015,Ferozepur,Maize,613,25.8,68,3.03
2016,Ferozepur,Maize,619,31.1,68,2.94
2017,Ferozepur,Maize,437,32.6,58,2.78
2018,Ferozepur,Maize,958,29.6,75,3.09
2019,Ferozepur,Maize,632,30.4,84,3.45
2020,Ferozepur,Maize,681,33.6,54,3.47
2021,Ferozepur,Maize,899,27.6,76,2.61
2022,Ferozepur,Maize,1020,34.0,73,2.78
2023,Ferozepur,Maize,681,26.8,78,2.63
2024,Ferozepur,Maize,908,33.7,76,3.11
2010,Ferozepur,Sugarcane,424,26.3,66,6.35
2011,Ferozepur,Sugarcane,842,30.7,67,5.81
2012,Ferozepur,Sugarcane,523,24.1,53,6.06
2013,Ferozepur,Sugarcane,703,30.5,61,5.68
2014,Ferozepur,Sugarcane,482,34.8,70,6.18
2015,Ferozepur,Sugarcane,704,31.1,54,5.53
2016,Ferozepur,Sugarcane,928,28.5,70,6.26
2017,Ferozepur,Sugarcane,460,33.7,56,6.06
2018,Ferozepur,Sugarcane,828,27.9,80,5.69
2019,Ferozepur,Sugarcane,715,27.8,79,5.56
2020,Ferozepur,Sugarcane,538,33.0,58,5.55
2021,Ferozepur,Sugarcane,980,29.2,58,6.33
2022,Ferozepur,Sugarcane,695,30.8,55,5.91
2023,Ferozepur,Sugarcane,620,30.9,67,5.64
2024,Ferozepur,Sugarcane,421,31.1,58,6.36
2010,Ferozepur,Mustard,869,24.3,64,1.98
2011,Ferozepur,Mustard,421,25.4,53,2.01
2012,Ferozepur,Mustard,506,33.2,66,2.34
2013,Ferozepur,Mustard,574,31.4,85,2.41
2014,Ferozepur,Mustard,778,29.1,80,1.98
2015,Ferozepur,Mustard,772,27.6,67,1.75
2016,Ferozepur,Mustard,925,24.6,57,1.6
2017,Ferozepur,Mustard,1089,24.7,85,1.56
2018,Ferozepur,Mustard,957,32.1,78,2.35
2019,Ferozepur,Mustard,860,27.9,52,1.89
2020,Ferozepur,Mustard,795,28.6,55,2.45
2021,Ferozepur,Mustard,447,25.0,75,2.0
2022,Ferozepur,Mustard,408,25.0,80,1.51
2023,Ferozepur,Mustard,636,35.0,83,2.19
2024,Ferozepur,Mustard,444,30.4,72,2.3
2010,Ferozepur,Potato,779,31.8,53,4.86
2011,Ferozepur,Potato,743,27.9,58,4.96
2012,Ferozepur,Potato,632,32.3,67,5.25
2013,Ferozepur,Potato,822,34.2,54,4.52
2014,Ferozepur,Potato,1067,30.7,74,5.37
2015,Ferozepur,Potato,1036,32.8,67,5.17
2016,Ferozepur,Potato,480,27.3,83,5.42
2017,Ferozepur,Potato,517,30.0,57,4.6
2018,Ferozepur,Potato,571,31.5,57,5.41
2019,Ferozepur,Potato,672,27.6,53,4.72
2020,Ferozepur,Potato,591,26.9,61,4.71
2021,Ferozepur,Potato,706,34.0,73,5.48
2022,Ferozepur,Potato,550,25.9,82,5.33
2023,Ferozepur,Potato,431,26.9,62,5.01
2024,Ferozepur,Potato,410,29.6,75,4.8
2010,Ferozepur,Bajra,944,28.6,72,2.26
2011,Ferozepur,Bajra,780,29.6,75,2.53
2012,Ferozepur,Bajra,974,31.0,72,2.38
2013,Ferozepur,Bajra,408,24.2,72,2.07
2014,Ferozepur,Bajra,765,27.3,73,2.34
2015,Ferozepur,Bajra,1039,27.3,59,1.77
2016,Ferozepur,Bajra,989,31.1,55,2.01
2017,Ferozepur,Bajra,604,29.3,84,2.15
2018,Ferozepur,Bajra,1019,27.6,72,1.81
2019,Ferozepur,Bajra,876,30.1,59,2.36
2020,Ferozepur,Bajra,942,33.6,61,2.02
2021,Ferozepur,Bajra,718,25.0,51,2.53
2022,Ferozepur,Bajra,789,32.3,54,2.35
2023,Ferozepur,Bajra,942,33.7,58,2.39
2024,Ferozepur,Bajra,969,29.8,59,2.04
2010,Ferozepur,Gram,643,31.6,77,2.21
2011,Ferozepur,Gram,1100,32.7,58,1.68
2012,Ferozepur,Gram,1015,24.3,56,1.67
2013,Ferozepur,Gram,561,28.2,56,1.91
2014,Ferozepur,Gram,468,31.2,67,2.05
2015,Ferozepur,Gram,864,24.3,68,2.08
2016,Ferozepur,Gram,573,34.0,54,2.18
2017,Ferozepur,Gram,701,30.4,52,1.58
2018,Ferozepur,Gram,1014,28.4,62,2.08
2019,Ferozepur,Gram,521,28.8,60,1.9
2020,Ferozepur,Gram,478,33.8,55,1.63
2021,Ferozepur,Gram,680,33.9,65,1.51
2022,Ferozepur,Gram,542,33.2,59,2.05
2023,Ferozepur,Gram,698,32.9,71,1.64
2024,Ferozepur,Gram,1032,24.6,81,1.85
2010,Ferozepur,Sunflower,639,32.6,71,2.18
2011,Ferozepur,Sunflower,838,34.1,83,2.54
2012,Ferozepur,Sunflower,416,32.4,61,2.45
2013,Ferozepur,Sunflower,845,30.9,84,2.68
2014,Ferozepur,Sunflower,941,29.5,74,2.42
2015,Ferozepur,Sunflower,879,31.9,53,2.14
2016,Ferozepur,Sunflower,785,28.7,63,2.22
2017,Ferozepur,Sunflower,764,32.4,69,2.53
2018,Ferozepur,Sunflower,748,30.9,65,2.27
2019,Ferozepur,Sunflower,427,26.8,76,2.35
2020,Ferozepur,Sunflower,643,24.9,60,1.82
2021,Ferozepur,Sunflower,1033,32.4,59,2.42
2022,Ferozepur,Sunflower,576,25.7,68,2.29
2023,Ferozepur,Sunflower,905,24.9,71,2.18
2024,Ferozepur,Sunflower,453,28.6,51,2.16
2010,Mansa,Wheat,540,32.4,70,3.83
2011,Mansa,Wheat,920,25.4,56,3.96
2012,Mansa,Wheat,774,31.9,60,3.06
2013,Mansa,Wheat,403,28.8,52,3.49
2014,Mansa,Wheat,687,31.6,51,3.33
2015,Mansa,Wheat,1084,31.4,55,3.01
2016,Mansa,Wheat,403,25.7,63,3.46
2017,Mansa,Wheat,609,27.9,56,3.92
2018,Mansa,Wheat,616,25.7,51,3.5
2019,Mansa,Wheat,594,24.0,64,3.88
2020,Mansa,Wheat,1069,25.7,83,3.24
2021,Mansa,Wheat,614,34.7,60,3.12
2022,Mansa,Wheat,799,30.1,61,3.06
2023,Mansa,Wheat,969,27.2,53,3.79
2024,Mansa,Wheat,488,28.2,74,3.84
2010,Mansa,Rice,672,28.5,73,4.43
2011,Mansa,Rice,756,34.2,74,4.86
2012,Mansa,Rice,534,25.3,83,4.57
2013,Mansa,Rice,1060,24.9,76,4.06
2014,Mansa,Rice,845,25.8,50,4.2
2015,Mansa,Rice,940,31.9,79,4.86
2016,Mansa,Rice,560,31.0,52,4.17
2017,Mansa,Rice,701,28.8,62,4.41
2018,Mansa,Rice,952,28.7,55,4.36
2019,Mansa,Rice,663,32.7,59,4.84
2020,Mansa,Rice,604,28.9,50,4.23
2021,Mansa,Rice,423,31.8,75,4.41
2022,Mansa,Rice,721,26.1,85,4.42
2023,Mansa,Rice,403,30.2,60,4.81
2024,Mansa,Rice,653,27.0,81,4.01
2010,Mansa,Cotton,1018,30.9,84,3.14
2011,Mansa,Cotton,456,34.4,72,3.08
2012,Mansa,Cotton,749,34.5,79,2.91
2013,Mansa,Cotton,781,32.3,65,3.14
2014,Mansa,Cotton,897,24.7,77,2.93
2015,Mansa,Cotton,707,29.3,81,2.79
2016,Mansa,Cotton,970,26.8,53,2.46
2017,Mansa,Cotton,911,30.5,72,2.53
2018,Mansa,Cotton,466,27.5,80,2.98
2019,Mansa,Cotton,880,31.6,73,2.85
2020,Mansa,Cotton,698,30.2,62,2.73
2021,Mansa,Cotton,840,32.3,63,3.03
2022,Mansa,Cotton,707,28.0,80,2.57
2023,Mansa,Cotton,539,26.4,78,2.41
2024,Mansa,Cotton,778,25.6,53,2.65
2010,Mansa,Maize,422,34.9,54,3.31
2011,Mansa,Maize,995,29.0,57,3.32
2012,Mansa,Maize,633,24.2,57,3.4
2013,Mansa,Maize,938,25.2,73,2.69
2014,Mansa,Maize,892,24.5,53,2.98
2015,Mansa,Maize,629,26.3,61,2.88
2016,Mansa,Maize,924,31.5,73,2.79
2017,Mansa,Maize,574,28.6,60,3.35
2018,Mansa,Maize,874,34.9,50,3.13
2019,Mansa,Maize,733,27.6,84,2.88
2020,Mansa,Maize,777,29.6,65,3.24
2021,Mansa,Maize,985,33.8,77,2.57
2022,Mansa,Maize,1000,29.6,71,2.71
2023,Mansa,Maize,902,26.6,73,3.32
2024,Mansa,Maize,465,24.4,62,2.64
2010,Mansa,Sugarcane,1022,28.4,83,5.7
2011,Mansa,Sugarcane,676,28.1,85,5.54
2012,Mansa,Sugarcane,660,32.6,73,5.58
2013,Mansa,Sugarcane,628,29.9,63,6.06
2014,Mansa,Sugarcane,426,34.6,55,5.86
2015,Mansa,Sugarcane,756,30.3,83,6.03
2016,Mansa,Sugarcane,985,27.8,55,5.93
2017,Mansa,Sugarcane,613,24.5,54,5.68
2018,Mansa,Sugarcane,794,29.8,50,6.39
2019,Mansa,Sugarcane,848,24.0,62,6.15
2020,Mansa,Sugarcane,979,28.4,76,6.15
2021,Mansa,Sugarcane,919,24.3,64,6.02
2022,Mansa,Sugarcane,979,30.3,54,6.42
2023,Mansa,Sugarcane,1073,26.4,69,5.62
2024,Mansa,Sugarcane,596,25.3,61,6.02
2010,Mansa,Mustard,788,31.4,62,1.6
2011,Mansa,Mustard,1046,26.5,58,1.66
2012,Mansa,Mustard,621,32.2,56,1.84
2013,Mansa,Mustard,1080,25.8,82,1.94
2014,Mansa,Mustard,1029,30.0,59,1.86
2015,Mansa,Mustard,915,31.9,52,1.92
2016,Mansa,Mustard,407,28.2,71,1.55
2017,Mansa,Mustard,530,26.6,77,1.85
2018,Mansa,Mustard,1034,29.6,79,1.96
2019,Mansa,Mustard,663,24.2,72,1.53
2020,Mansa,Mustard,955,31.3,74,1.62
2021,Mansa,Mustard,796,29.9,70,2.01
2022,Mansa,Mustard,1095,30.3,50,1.83
2023,Mansa,Mustard,690,31.2,62,1.67
2024,Mansa,Mustard,892,28.7,78,1.82
2010,Mansa,Potato,702,27.6,77,4.67
2011,Mansa,Potato,907,34.9,59,5.47
2012,Mansa,Potato,416,25.6,84,4.79
2013,Mansa,Potato,949,34.6,60,4.61
2014,Mansa,Potato,664,24.5,62,5.05
2015,Mansa,Potato,1079,28.6,60,5.42
2016,Mansa,Potato,896,32.2,84,4.91
2017,Mansa,Potato,716,30.7,74,5.21
2018,Mansa,Potato,542,32.4,61,5.42
2019,Mansa,Potato,974,31.3,83,4.53
2020,Mansa,Potato,1066,24.4,61,4.92
2021,Mansa,Potato,891,31.8,54,5.03
2022,Mansa,Potato,560,31.2,72,4.93
2023,Mansa,Potato,1084,31.1,78,4.92
2024,Mansa,Potato,1091,29.1,59,5.16
2010,Mansa,Bajra,952,25.8,59,2.14
2011,Mansa,Bajra,994,26.3,63,2.21
2012,Mansa,Bajra,931,30.6,57,2.19
2013,Mansa,Bajra,981,33.5,69,1.97
2014,Mansa,Bajra,893,33.4,67,2.26
2015,Mansa,Bajra,835,25.0,84,2.56
2016,Mansa,Bajra,1055,27.6,66,2.05
2017,Mansa,Bajra,500,24.9,74,2.13
2018,Mansa,Bajra,540,30.6,53,2.28
2019,Mansa,Bajra,933,33.2,82,2.55
2020,Mansa,Bajra,514,29.2,57,2.06
2021,Mansa,Bajra,528,32.7,59,2.32
2022,Mansa,Bajra,985,32.2,50,1.96
2023,Mansa,Bajra,934,30.9,65,2.35
2024,Mansa,Bajra,571,33.7,53,2.66
2010,Mansa,Gram,769,27.9,78,1.62
2011,Mansa,Gram,447,31.3,61,2.14
2012,Mansa,Gram,659,33.7,77,2.1
2013,Mansa,Gram,521,31.7,76,2.13
2014,Mansa,Gram,831,26.7,72,1.41
2015,Mansa,Gram,870,33.6,79,1.53
2016,Mansa,Gram,646,30.9,69,1.92
2017,Mansa,Gram,840,34.2,75,2.29
2018,Mansa,Gram,731,28.8,55,1.61
2019,Mansa,Gram,772,25.6,64,1.45
2020,Mansa,Gram,417,30.7,67,2.22
2021,Mansa,Gram,1057,27.3,58,1.88
2022,Mansa,Gram,569,27.1,70,2.1
2023,Mansa,Gram,631,26.0,70,2.15
2024,Mansa,Gram,879,30.2,70,1.76
2010,Mansa,Sunflower,526,27.9,78,2.58
2011,Mansa,Sunflower,832,33.2,79,1.88
2012,Mansa,Sunflower,733,32.8,55,2.25
2013,Mansa,Sunflower,411,32.8,66,2.22
2014,Mansa,Sunflower,961,26.3,68,2.67
2015,Mansa,Sunflower,638,26.9,56,2.73
2016,Mansa,Sunflower,1088,27.8,80,2.37
2017,Mansa,Sunflower,506,34.3,72,2.49
2018,Mansa,Sunflower,734,27.3,78,2.64
2019,Mansa,Sunflower,710,33.8,85,2.63
2020,Mansa,Sunflower,1001,27.7,51,2.27
2021,Mansa,Sunflower,505,29.0,55,1.95
2022,Mansa,Sunflower,424,30.2,51,2.27
2023,Mansa,Sunflower,1020,32.6,84,1.81
2024,Mansa,Sunflower,1063,29.3,65,2.61
